Satellite,Timestamp (UTC),Doppler Shift (Hz),Azimuth (deg),Elevation (deg),Distance (km),Timestamp
STARLINK-6115,2026-06-08T18:05:56Z,-43432.01066824795,139.8846331548573,66.79218367994142,605.6174570150151,2026-06-08 18:05:56+00:00
STARLINK-6115,2026-06-08T18:05:57Z,-46400.07560851476,138.34006357166524,66.5119189917727,606.7816203352835,2026-06-08 18:05:57+00:00
STARLINK-6115,2026-06-08T18:05:58Z,-49350.49283158828,136.83677053878816,66.21766096995842,608.0224831309179,2026-06-08 18:05:58+00:00
STARLINK-6115,2026-06-08T18:05:59Z,-52282.29304694536,135.37511891562104,65.91019713154208,609.3395753787113,2026-06-08 18:05:59+00:00
STARLINK-6115,2026-06-08T18:06:00Z,-55194.54028922899,133.9552364245007,65.59031028787763,610.732402352488,2026-06-08 18:06:00+00:00
STARLINK-6115,2026-06-08T18:06:01Z,-58086.33313669583,132.57703788096455,65.25877403191639,612.2004455327743,2026-06-08 18:06:01+00:00
STARLINK-6115,2026-06-08T18:06:02Z,-60956.80569169602,131.24024955160002,64.91634886674103,613.7431634966615,2026-06-08 18:06:02+00:00
STARLINK-6115,2026-06-08T18:06:03Z,-63805.128410547935,129.94443302605896,64.56377894238237,615.359992815562,2026-06-08 18:06:03+00:00
STARLINK-6115,2026-06-08T18:06:04Z,-66630.50899764996,128.68900806302423,64.20178933712347,617.0503490870249,2026-06-08 18:06:04+00:00
STARLINK-6115,2026-06-08T18:06:05Z,-69432.1928872845,127.47327429601056,63.83108389935079,618.8136278271528,2026-06-08 18:06:05+00:00
STARLINK-6115,2026-06-08T18:06:06Z,-72209.46381345573,126.29643134016813,63.45234354015246,620.6492055020909,2026-06-08 18:06:06+00:00
STARLINK-6115,2026-06-08T18:06:07Z,-74961.64413243083,125.1575973097789,63.066224969313645,622.5564405004258,2026-06-08 18:06:07+00:00
STARLINK-6115,2026-06-08T18:06:08Z,-77688.09511537316,124.0558255829024,62.67335979636569,624.5346741777197,2026-06-08 18:06:08+00:00
STARLINK-6115,2026-06-08T18:06:09Z,-80388.21704211079,122.99011987560095,62.27435397177463,626.5832318566615,2026-06-08 18:06:09+00:00
STARLINK-6115,2026-06-08T18:06:10Z,-83061.44902899698,121.9594476823454,61.869787535471104,628.701423702981,2026-06-08 18:06:10+00:00
STARLINK-6115,2026-06-08T18:06:11Z,-85707.26930453155,120.96275188096122,61.4602145208934,630.8885460448201,2026-06-08 18:06:11+00:00
STARLINK-6115,2026-06-08T18:06:12Z,-88325.19455504102,119.9989611288886,61.046163186218855,633.1438820368497,2026-06-08 18:06:12+00:00
STARLINK-6115,2026-06-08T18:06:13Z,-90914.77984063234,119.0669985828856,60.6281363099372,635.4667028501597,2026-06-08 18:06:13+00:00
STARLINK-6115,2026-06-08T18:06:14Z,-93475.61809835864,118.16578944076686,60.20661167041463,637.8562685990738,2026-06-08 18:06:14+00:00
STARLINK-6115,2026-06-08T18:06:15Z,-96007.33969972676,117.29426725234303,59.78204261017607,640.3118293844188,2026-06-08 18:06:15+00:00
STARLINK-6115,2026-06-08T18:06:16Z,-98509.61172940354,116.451379239776,59.35485871701669,642.8326261360404,2026-06-08 18:06:16+00:00
STARLINK-6115,2026-06-08T18:06:17Z,-100982.13745110467,115.63609058522114,58.9254665240224,645.4178916956747,2026-06-08 18:06:17+00:00
STARLINK-6115,2026-06-08T18:06:18Z,-103424.65543947142,114.84738797649096,58.49425030052811,648.0668516202544,2026-06-08 18:06:18+00:00
STARLINK-6115,2026-06-08T18:06:19Z,-105836.93880617913,114.08428237042403,58.06157284741397,650.778725119954,2026-06-08 18:06:19+00:00
STARLINK-6115,2026-06-08T18:06:20Z,-108218.79446474076,113.3458110954568,57.62777629266137,653.5527260989589,2026-06-08 18:06:20+00:00
STARLINK-6115,2026-06-08T18:06:21Z,-110570.0619259619,112.6310395369866,57.19318297207816,656.3880636878206,2026-06-08 18:06:21+00:00
STARLINK-6115,2026-06-08T18:06:22Z,-112890.6126327088,111.93906217349596,56.75809620315473,659.2839434305753,2026-06-08 18:06:22+00:00
STARLINK-6115,2026-06-08T18:06:23Z,-115180.34874052183,111.26900337231052,56.32280114727761,662.2395678390994,2026-06-08 18:06:23+00:00
STARLINK-6115,2026-06-08T18:06:24Z,-117439.20222596546,110.62001774016572,55.88756559252303,665.2541373606052,2026-06-08 18:06:24+00:00
STARLINK-6115,2026-06-08T18:06:25Z,-119667.13370894529,109.991290268234,55.452640769314726,668.3268509901228,2026-06-08 18:06:25+00:00
STARLINK-6115,2026-06-08T18:06:26Z,-121864.1313993548,109.38203620023523,55.01826211882647,671.456907038911,2026-06-08 18:06:26+00:00
STARLINK-6115,2026-06-08T18:06:27Z,-124030.21009887144,108.79150069043736,54.58465002427474,674.6435039916739,2026-06-08 18:06:27+00:00
STARLINK-6115,2026-06-08T18:06:28Z,-126165.40990197544,108.2189583846844,54.15201057643708,677.8858409148844,2026-06-08 18:06:28+00:00
STARLINK-6115,2026-06-08T18:06:29Z,-128269.79519613192,107.66371279277254,53.72053625311294,681.1831182752828,2026-06-08 18:06:29+00:00
STARLINK-6115,2026-06-08T18:06:30Z,-130343.45349196468,107.12509560887894,53.29040660636297,684.5345384871099,2026-06-08 18:06:30+00:00
STARLINK-6115,2026-06-08T18:06:31Z,-132386.49434322366,106.60246593372872,52.86178890553917,687.9393065673438,2026-06-08 18:06:31+00:00
STARLINK-6115,2026-06-08T18:06:32Z,-134399.04821325466,106.0952094567138,52.43483876623088,691.3966306713387,2026-06-08 18:06:32+00:00
STARLINK-6115,2026-06-08T18:06:33Z,-136381.26526940757,105.60273761803244,52.00970077112476,694.9057224475791,2026-06-08 18:06:33+00:00
STARLINK-6115,2026-06-08T18:06:34Z,-138333.31445487018,105.12448667961073,51.58650900822108,698.4657978278622,2026-06-08 18:06:34+00:00
STARLINK-6115,2026-06-08T18:06:35Z,-140255.3823089066,104.65991684855608,51.16538764090588,702.0760773303177,2026-06-08 18:06:35+00:00
STARLINK-6115,2026-06-08T18:06:36Z,-142147.67187835983,104.20851137669648,50.7464514384474,705.7357864472092,2026-06-08 18:06:36+00:00
STARLINK-6115,2026-06-08T18:06:37Z,-144010.4017688291,103.76977563530212,50.32980625587912,709.444156239877,2026-06-08 18:06:37+00:00
STARLINK-6115,2026-06-08T18:06:38Z,-145843.8050442421,103.34323624048888,49.91554952946577,713.2004235738142,2026-06-08 18:06:38+00:00
STARLINK-6115,2026-06-08T18:06:39Z,-147648.12820875892,102.92844017864093,49.503770737534566,717.0038314246243,2026-06-08 18:06:39+00:00
STARLINK-6115,2026-06-08T18:06:40Z,-149423.63040051435,102.52495390857104,49.094551796698745,720.853629562092,2026-06-08 18:06:40+00:00
STARLINK-6115,2026-06-08T18:06:41Z,-151170.58224757292,102.13236256820466,48.68796752138855,724.7490744364907,2026-06-08 18:06:41+00:00
STARLINK-6115,2026-06-08T18:06:42Z,-152889.2650562386,101.75026913593643,48.28408599389823,728.6894296782037,2026-06-08 18:06:42+00:00
STARLINK-6115,2026-06-08T18:06:43Z,-154579.969937848,101.37829363881735,47.882968935909965,732.6739663928287,2026-06-08 18:06:43+00:00
STARLINK-6115,2026-06-08T18:06:44Z,-156242.99692972784,101.01607239539264,47.48467207043655,736.7019633486788,2026-06-08 18:06:44+00:00
STARLINK-6115,2026-06-08T18:06:45Z,-157878.6541502149,100.66325728518166,47.0892454658385,740.7727071413879,2026-06-08 18:06:45+00:00
STARLINK-6115,2026-06-08T18:06:46Z,-159487.2570304547,100.31951503629918,46.69673385224709,744.8854924470685,2026-06-08 18:06:46+00:00
STARLINK-6115,2026-06-08T18:06:47Z,-161069.12759825753,99.9845265372788,46.30717691654376,749.0396223208105,2026-06-08 18:06:47+00:00
STARLINK-6115,2026-06-08T18:06:48Z,-162624.5936271814,99.6579862114913,45.92060962346068,753.2344080359652,2026-06-08 18:06:48+00:00
STARLINK-6115,2026-06-08T18:06:49Z,-164153.9880935465,99.33960136150344,45.53706245353424,757.4691696349342,2026-06-08 18:06:49+00:00
STARLINK-6115,2026-06-08T18:06:50Z,-165657.6483794257,99.02909159989466,45.15656169829301,761.74323570086,2026-06-08 18:06:50+00:00
STARLINK-6115,2026-06-08T18:06:51Z,-167135.91573408444,98.72618825960905,44.77912968516586,766.0559437323625,2026-06-08 18:06:51+00:00
STARLINK-6115,2026-06-08T18:06:52Z,-168589.13458569333,98.43063386694187,44.40478503557689,770.4066399941383,2026-06-08 18:06:52+00:00
STARLINK-6115,2026-06-08T18:06:53Z,-170017.6520397413,98.142181607821,44.033542870951536,774.7946798046887,2026-06-08 18:06:53+00:00
STARLINK-6115,2026-06-08T18:06:54Z,-171421.81730274085,97.86059483937692,43.66541503401264,779.2194275078513,2026-06-08 18:06:54+00:00
STARLINK-6115,2026-06-08T18:06:55Z,-172801.9811476522,97.58564662206712,43.30041029620386,783.6802564575814,2026-06-08 18:06:55+00:00
STARLINK-6115,2026-06-08T18:06:56Z,-174158.4954471713,97.31711926641532,42.9385345443091,788.1765491140515,2026-06-08 18:06:56+00:00
STARLINK-6115,2026-06-08T18:06:57Z,-175491.71273223156,97.05480390186544,42.579790957575845,792.7076971288418,2026-06-08 18:06:57+00:00
STARLINK-6115,2026-06-08T18:06:58Z,-176801.9857490537,96.7985000718598,42.22418018291476,797.2731013277578,2026-06-08 18:06:58+00:00
STARLINK-6115,2026-06-08T18:06:59Z,-178089.66698916405,96.54801535862828,41.871700516044335,801.8721714834672,2026-06-08 18:06:59+00:00
STARLINK-6115,2026-06-08T18:07:00Z,-179355.10841782653,96.3031649936694,41.5223480265157,806.5043266915849,2026-06-08 18:07:00+00:00
STARLINK-6115,2026-06-08T18:07:01Z,-180598.6610605798,96.06377151822409,41.17611672000365,811.1689951590619,2026-06-08 18:07:01+00:00
STARLINK-6115,2026-06-08T18:07:02Z,-181820.67461965495,95.8296644594298,40.83299869181766,815.8656139784545,2026-06-08 18:07:02+00:00
STARLINK-6115,2026-06-08T18:07:03Z,-183021.49726683725,95.6006799937902,40.49298422969769,820.5936294826824,2026-06-08 18:07:03+00:00
STARLINK-6115,2026-06-08T18:07:04Z,-184201.47530960667,95.37666065442806,40.15606195105217,825.3524970400124,2026-06-08 18:07:04+00:00
STARLINK-31583,2026-06-08T18:07:15Z,-1924.1547323722675,273.5427191541012,-81.55124466385669,74001738169.89313,2026-06-08 18:07:15+00:00
STARLINK-31583,2026-06-08T18:07:16Z,10513.39796135785,92.52788049744068,-36.72692998541699,74642940926.06517,2026-06-08 18:07:16+00:00
STARLINK-31583,2026-06-08T18:07:17Z,11885.803365240798,92.6958746777711,24.995656118078585,73999324611.69766,2026-06-08 18:07:17+00:00
STARLINK-31583,2026-06-08T18:07:18Z,339.467994159077,97.85137553424524,88.49922015915803,72749371976.87982,2026-06-08 18:07:18+00:00
STARLINK-31583,2026-06-08T18:07:19Z,-9927.154484333,272.5200021715106,40.81801789686963,72261635507.12888,2026-06-08 18:07:19+00:00
STARLINK-31583,2026-06-08T18:07:20Z,-10011.962854244066,272.5123035037944,43.27976053339218,72266214165.07756,2026-06-08 18:07:20+00:00
STARLINK-31583,2026-06-08T18:07:21Z,-9643.037101688167,205.66807434040325,89.85121722338056,72723976480.78024,2026-06-08 18:07:21+00:00
STARLINK-33934,2026-06-08T18:07:32Z,-7031.736636567744,345.0409120693592,79.9697592033093,719971468814.9675,2026-06-08 18:07:32+00:00
STARLINK-33934,2026-06-08T18:07:33Z,-1201.7760660633091,277.7079297929402,51.81378632059369,721895493936.0367,2026-06-08 18:07:33+00:00
STARLINK-33934,2026-06-08T18:07:34Z,1604.5224477009556,309.59323971030045,76.08089640442718,720356512789.0101,2026-06-08 18:07:34+00:00
STARLINK-33934,2026-06-08T18:07:35Z,-6197.551388285959,9.432665188457348,79.79490892381001,719789456366.252,2026-06-08 18:07:35+00:00
STARLINK-33934,2026-06-08T18:07:36Z,-250.99172958189604,279.76725691938435,55.78434381526056,721644222979.5743,2026-06-08 18:07:36+00:00
STARLINK-33934,2026-06-08T18:07:37Z,2564.9856772957505,325.21110803836285,78.65380821259029,720149878481.0948,2026-06-08 18:07:37+00:00
STARLINK-33934,2026-06-08T18:07:38Z,-5345.742942419807,29.72563915155148,78.01676853434171,719621725451.9143,2026-06-08 18:07:38+00:00
STARLINK-33934,2026-06-08T18:07:39Z,721.2953300226105,282.40661302853334,59.87496161618407,721386919877.9302,2026-06-08 18:07:39+00:00
STARLINK-33934,2026-06-08T18:07:40Z,-9601.843004360777,347.1843337926585,80.02369638940392,719955514559.4175,2026-06-08 18:07:40+00:00
STARLINK-33934,2026-06-08T18:07:41Z,-4464.634755583536,43.6610823250177,75.19879046929408,719469241536.4286,2026-06-08 18:07:41+00:00
STARLINK-33934,2026-06-08T18:07:42Z,1690.6299249934823,285.56235078655965,63.67270050418799,721149618430.2382,2026-06-08 18:07:42+00:00
STARLINK-33934,2026-06-08T18:07:43Z,-8933.883566186696,303.50738587487155,74.37934479452812,720473778516.3705,2026-06-08 18:07:43+00:00
STARLINK-33934,2026-06-08T18:07:44Z,-3558.801286983017,273.8731445832235,41.68468954901628,722538666583.841,2026-06-08 18:07:44+00:00
STARLINK-33934,2026-06-08T18:07:45Z,2651.58148467475,289.880212514452,67.53466894011983,720909197664.0342,2026-06-08 18:07:45+00:00
STARLINK-33934,2026-06-08T18:07:46Z,-8203.27472632146,315.7289612514495,77.31877545306969,720264731555.2373,2026-06-08 18:07:46+00:00
STARLINK-33934,2026-06-08T18:07:47Z,-2595.536744108302,275.2500949807743,45.71739969483779,722282833647.1786,2026-06-08 18:07:47+00:00
STARLINK-33934,2026-06-08T18:07:48Z,178.85650619489454,295.84419154126664,71.24272899304056,720676844550.9331,2026-06-08 18:07:48+00:00
STARLINK-33934,2026-06-08T18:07:49Z,-7426.72593509301,30.57668066770262,77.89603082635968,719614853346.216,2026-06-08 18:07:49+00:00
STARLINK-33934,2026-06-08T18:07:50Z,-1140.7954018375865,273.61200889865887,40.77568213776975,722596193740.8843,2026-06-08 18:07:50+00:00
STARLINK-33934,2026-06-08T18:07:51Z,-7490.179876742807,274.6643148373685,44.01104163662284,722391213739.962,2026-06-08 18:07:51+00:00
STARLINK-33934,2026-06-08T18:07:52Z,2929.334964584799,281.08577130293645,57.86535788372274,721513241914.7908,2026-06-08 18:07:52+00:00
STARLINK-33934,2026-06-08T18:07:53Z,3670.8495977057664,277.23598005074865,50.61369105224042,721971758432.3146,2026-06-08 18:07:53+00:00
STARLINK-33934,2026-06-08T18:07:54Z,4436.124937207202,278.8085786749562,53.89287616784728,721763898273.9624,2026-06-08 18:07:54+00:00
STARLINK-33934,2026-06-08T18:07:55Z,-9530.289788361342,280.6489496351642,57.15026096430168,721558274805.6356,2026-06-08 18:07:55+00:00
STARLINK-33934,2026-06-08T18:07:56Z,3504.718708698425,324.2991250493812,78.53806402034931,720161524069.4655,2026-06-08 18:07:56+00:00
STARLINK-33934,2026-06-08T18:07:57Z,-6327.38290440685,59.63687750798643,67.83962122381949,719206387374.2777,2026-06-08 18:07:57+00:00
STARLINK-33934,2026-06-08T18:07:58Z,-7784.49678349854,309.22372728415326,75.96451813621825,720365564055.6097,2026-06-08 18:07:58+00:00
STARLINK-33934,2026-06-08T18:07:59Z,-4881.298078170368,20.36015640534932,79.07665243217401,719706259484.949,2026-06-08 18:07:59+00:00
STARLINK-33934,2026-06-08T18:08:00Z,-1692.8416345061678,58.70739202093952,68.5087614809171,719226417679.1803,2026-06-08 18:08:00+00:00
STARLINK-33934,2026-06-08T18:08:01Z,-7936.159905555247,44.70417947095507,74.90918685253246,719458246061.875,2026-06-08 18:08:01+00:00
STARLINK-33934,2026-06-08T18:08:02Z,-2653.2812158736724,52.14686851645642,72.18044438865674,719348223373.8561,2026-06-08 18:08:02+00:00
STARLINK-33934,2026-06-08T18:08:03Z,656.6121336501811,276.3547205885606,48.44536134753355,722109535968.1218,2026-06-08 18:08:03+00:00
STARLINK-33934,2026-06-08T18:08:04Z,3947.7229528342696,277.75032956785043,51.6584661136651,721905520373.7815,2026-06-08 18:08:04+00:00
STARLINK-33934,2026-06-08T18:08:05Z,-9898.046533306286,279.402446062754,54.93427407068844,721698132114.5354,2026-06-08 18:08:05+00:00
STARLINK-33934,2026-06-08T18:08:06Z,3006.8223230137837,281.3473977536344,58.18595640315094,721493227370.2548,2026-06-08 18:08:06+00:00
STARLINK-33934,2026-06-08T18:08:07Z,-8782.256074809065,56.684757899579225,69.8217848399562,719267824879.2216,2026-06-08 18:08:07+00:00
STARLINK-33934,2026-06-08T18:08:08Z,-8203.202304931932,302.9905061823349,74.17010494979037,720488452452.104,2026-06-08 18:08:08+00:00
STARLINK-33934,2026-06-08T18:08:09Z,-5368.46056978323,312.6852818705144,76.72121096677131,720311050453.7523,2026-06-08 18:08:09+00:00
STARLINK-33934,2026-06-08T18:08:10Z,-6930.174954484234,55.58259345136201,70.4646540728556,719289181853.0834,2026-06-08 18:08:10+00:00
STARLINK-6155,2026-06-08T18:08:21Z,34816.93893226551,213.20068488242936,48.05978492988097,731.3396081331272,2026-06-08 18:08:21+00:00
STARLINK-6155,2026-06-08T18:08:22Z,32320.337334700274,212.369817583028,48.14687785778451,730.4695634587272,2026-06-08 18:08:22+00:00
STARLINK-6155,2026-06-08T18:08:23Z,29815.09753799963,211.5342978424382,48.22773928486032,729.664338822045,2026-06-08 18:08:23+00:00
STARLINK-6155,2026-06-08T18:08:24Z,27301.853968992556,210.69444641910323,48.30227797827548,728.9241499158267,2026-06-08 18:08:24+00:00
STARLINK-6155,2026-06-08T18:08:25Z,24781.251572320994,209.8505948616105,48.37040900414627,728.2491958503185,2026-06-08 18:08:25+00:00
STARLINK-6155,2026-06-08T18:08:26Z,22253.944976841158,209.0030848169345,48.43205401785652,727.6396588773457,2026-06-08 18:08:26+00:00
STARLINK-6155,2026-06-08T18:08:27Z,19720.59777195584,208.15226732392483,48.48714153190225,727.0957041752852,2026-06-08 18:08:27+00:00
STARLINK-6155,2026-06-08T18:08:28Z,17181.88165320512,207.2985020139561,48.53560716687745,726.6174796211104,2026-06-08 18:08:28+00:00
STARLINK-6155,2026-06-08T18:08:29Z,14638.475540567588,206.44215625635675,48.5773938802451,726.2051155855224,2026-06-08 18:08:29+00:00
STARLINK-6155,2026-06-08T18:08:30Z,12091.064658077712,205.58360424853657,48.61245217113177,725.8587247524445,2026-06-08 18:08:30+00:00
STARLINK-6155,2026-06-08T18:08:31Z,9540.339698456832,204.72322609684895,48.640740257986096,725.5784019794603,2026-06-08 18:08:31+00:00
STARLINK-6155,2026-06-08T18:08:32Z,6986.995794477138,203.86140679899228,48.66222423238631,725.3642241539902,2026-06-08 18:08:32+00:00
STARLINK-6155,2026-06-08T18:08:33Z,4431.73177694755,202.9985352953408,48.67687818108346,725.216250112047,2026-06-08 18:08:33+00:00
STARLINK-6155,2026-06-08T18:08:34Z,1875.2489779352572,202.1350033439819,48.68468428445711,725.1345205297669,2026-06-08 18:08:34+00:00
STARLINK-6155,2026-06-08T18:08:35Z,-681.7495306079195,201.2712045265539,48.6856328804782,725.1190578882299,2026-06-08 18:08:35+00:00
STARLINK-6155,2026-06-08T18:08:36Z,-3238.5599875912453,200.40753314569588,48.67972250154927,725.1698664338719,2026-06-08 18:08:36+00:00
STARLINK-6155,2026-06-08T18:08:37Z,-5794.478925202489,199.54438314141169,48.66695987980917,725.2869321752236,2026-06-08 18:08:37+00:00
STARLINK-6155,2026-06-08T18:08:38Z,-8348.803989540023,198.6821470643961,48.64735992261637,725.4702228993056,2026-06-08 18:08:38+00:00
STARLINK-6155,2026-06-08T18:08:39Z,-10900.83511424988,197.82121493809805,48.62094565713341,725.7196882186441,2026-06-08 18:08:39+00:00
STARLINK-6155,2026-06-08T18:08:40Z,-13449.875295038804,196.96197327059735,48.58774814602772,726.0352596352981,2026-06-08 18:08:40+00:00
STARLINK-6155,2026-06-08T18:08:41Z,-15995.231710001011,196.10480396988757,48.54780637199133,726.4168506484937,2026-06-08 18:08:41+00:00
STARLINK-6155,2026-06-08T18:08:42Z,-18536.2164537407,195.25008341609563,48.501167097338914,726.8643568553737,2026-06-08 18:08:42+00:00
STARLINK-6155,2026-06-08T18:08:43Z,-21072.147522558527,194.39818148019145,48.44788469446959,727.3776560942001,2026-06-08 18:08:43+00:00
STARLINK-6155,2026-06-08T18:08:44Z,-23602.34978080229,193.5494605856132,48.38802094938943,727.9566086217296,2026-06-08 18:08:44+00:00
STARLINK-6155,2026-06-08T18:08:45Z,-26126.15576344713,192.70427486611925,48.32164484311944,728.6010572917552,2026-06-08 18:08:45+00:00
STARLINK-6155,2026-06-08T18:08:46Z,-28642.906562057848,191.8629693402277,48.24883230867562,729.3108277720592,2026-06-08 18:08:46+00:00
STARLINK-6155,2026-06-08T18:08:47Z,-31151.95257756723,191.0258791786285,48.169665969563866,730.0857287587354,2026-06-08 18:08:47+00:00
STARLINK-6155,2026-06-08T18:08:48Z,-33652.6544214203,190.19332897260207,48.08423485465634,730.9255522553358,2026-06-08 18:08:48+00:00
STARLINK-6155,2026-06-08T18:08:49Z,-36144.38359191501,189.36563213099095,47.99263410097028,731.8300738231966,2026-06-08 18:08:49+00:00
STARLINK-6155,2026-06-08T18:08:50Z,-38626.523293226455,188.5430902838962,47.89496463621279,732.7990529015282,2026-06-08 18:08:50+00:00
STARLINK-6155,2026-06-08T18:08:51Z,-41098.46902781165,187.725992817608,47.79133285460049,733.8322330841859,2026-06-08 18:08:51+00:00
STARLINK-6155,2026-06-08T18:08:52Z,-43559.62934459933,186.9146164132635,47.6818502752956,734.9293424781612,2026-06-08 18:08:52+00:00
STARLINK-6155,2026-06-08T18:08:53Z,-46009.42637574503,186.1092247114443,47.56663319849923,736.0900940147407,2026-06-08 18:08:53+00:00
STARLINK-6155,2026-06-08T18:08:54Z,-48447.29650763078,185.31006798686863,47.44580234799912,737.3141858448919,2026-06-08 18:08:54+00:00
STARLINK-6155,2026-06-08T18:08:55Z,-50872.69092434571,184.5173829189777,47.319482512133554,738.6013017193737,2026-06-08 18:08:55+00:00
STARLINK-6155,2026-06-08T18:08:56Z,-53285.076027130985,183.73139245487397,47.18780218657963,739.9511113369363,2026-06-08 18:08:56+00:00
STARLINK-6155,2026-06-08T18:08:57Z,-55683.9339807402,182.95230567993505,47.05089320834594,741.3632707872221,2026-06-08 18:08:57+00:00
STARLINK-6155,2026-06-08T18:08:58Z,-58068.76305123719,182.1803178037319,46.90889039937428,742.8374229185166,2026-06-08 18:08:58+00:00
STARLINK-6155,2026-06-08T18:08:59Z,-60439.07808319882,181.41561014446464,46.76193120317773,744.3731978171777,2026-06-08 18:08:59+00:00
STARLINK-6155,2026-06-08T18:09:00Z,-62794.41076987532,180.6583502218913,46.61015533496756,745.9702132037359,2026-06-08 18:09:00+00:00
STARLINK-6155,2026-06-08T18:09:01Z,-65134.30996259352,179.90869187499038,46.45370443334508,747.6280748829281,2026-06-08 18:09:01+00:00
STARLINK-6155,2026-06-08T18:09:02Z,-67458.34192327656,179.1667754321472,46.29272172026761,749.3463771917766,2026-06-08 18:09:02+00:00
STARLINK-6155,2026-06-08T18:09:03Z,-69766.09053362242,178.43272792596298,46.12735166966786,751.124703453644,2026-06-08 18:09:03+00:00
STARLINK-6155,2026-06-08T18:09:04Z,-72057.15746447853,177.70666334773682,45.95773968585125,752.9626264371769,2026-06-08 18:09:04+00:00
STARLINK-6155,2026-06-08T18:09:05Z,-74331.16230463008,176.988682938284,45.78403179264936,754.8597088191588,2026-06-08 18:09:05+00:00
STARLINK-6155,2026-06-08T18:09:06Z,-76587.74264920989,176.27887551141202,45.60637433421941,756.8155036500525,2026-06-08 18:09:06+00:00
STARLINK-6155,2026-06-08T18:09:07Z,-78826.55415084897,175.57731780540723,45.42491368818024,758.8295548215167,2026-06-08 18:09:07+00:00
STARLINK-6155,2026-06-08T18:09:08Z,-81047.27053223651,174.88407485962458,45.23979599172708,760.9013975345684,2026-06-08 18:09:08+00:00
STARLINK-6155,2026-06-08T18:09:09Z,-83249.58354830518,174.1992004164295,45.05116688245256,763.0305587533497,2026-06-08 18:09:09+00:00
STARLINK-6155,2026-06-08T18:09:10Z,-85433.20298880606,173.5227373170231,44.85917124663482,765.2165577296392,2026-06-08 18:09:10+00:00
STARLINK-6155,2026-06-08T18:09:11Z,-87597.85651023274,172.8547179542627,44.66395299294142,767.4589063976008,2026-06-08 18:09:11+00:00
STARLINK-6155,2026-06-08T18:09:12Z,-89743.2895125183,172.1951647120245,44.4656548343517,769.7571098319929,2026-06-08 18:09:12+00:00
STARLINK-6155,2026-06-08T18:09:13Z,-91869.26507554016,171.54409038431706,44.26441807609943,772.1106667995855,2026-06-08 18:09:13+00:00
STARLINK-6155,2026-06-08T18:09:14Z,-93975.56365536575,170.9014986649869,44.06038243659449,774.5190700895035,2026-06-08 18:09:14+00:00
STARLINK-6155,2026-06-08T18:09:15Z,-96061.9829782255,170.26738456982469,43.85368586234468,776.9818070726973,2026-06-08 18:09:15+00:00
STARLINK-6155,2026-06-08T18:09:16Z,-98128.3377297609,169.64173491394538,43.64446437315062,779.4983600649732,2026-06-08 18:09:16+00:00
STARLINK-6155,2026-06-08T18:09:17Z,-100174.4593677924,169.0245287413173,43.43285190714916,782.0682068483044,2026-06-08 18:09:17+00:00
STARLINK-6155,2026-06-08T18:09:18Z,-102200.19575188616,168.41573779930252,43.21898019484544,784.6908209983861,2026-06-08 18:09:18+00:00
STARLINK-6155,2026-06-08T18:09:19Z,-104205.41089836328,167.81532696220972,43.00297863204375,787.3656723748953,2026-06-08 18:09:19+00:00
STARLINK-6155,2026-06-08T18:09:20Z,-106189.98464291812,167.223254669662,42.7849741725367,790.0922275187962,2026-06-08 18:09:20+00:00
STARLINK-6155,2026-06-08T18:09:21Z,-108153.81231465375,166.63947334705966,42.56509123013437,792.8699500770643,2026-06-08 18:09:21+00:00
STARLINK-6155,2026-06-08T18:09:22Z,-110096.8043389378,166.06392983245587,42.343451598462046,795.6983011428056,2026-06-08 18:09:22+00:00
STARLINK-6155,2026-06-08T18:09:23Z,-112018.88589643792,165.49656577081052,42.12017437465202,798.5767396786397,2026-06-08 18:09:23+00:00
STARLINK-6155,2026-06-08T18:09:24Z,-113919.99655394822,164.93731800093275,41.89537589525241,801.5047229140218,2026-06-08 18:09:24+00:00
STARLINK-6155,2026-06-08T18:09:25Z,-115800.08988414044,164.38611892957186,41.6691696823304,804.4817067350772,2026-06-08 18:09:25+00:00
STARLINK-6155,2026-06-08T18:09:26Z,-117659.13299692972,163.84289691545922,41.441666408636586,807.5071459411554,2026-06-08 18:09:26+00:00
STARLINK-6155,2026-06-08T18:09:27Z,-119497.10618284583,163.30757660371037,41.21297385820922,810.5804946708193,2026-06-08 18:09:27+00:00
STARLINK-6155,2026-06-08T18:09:28Z,-121314.00248292944,162.7800792659859,40.98319690332029,813.7012067179531,2026-06-08 18:09:28+00:00
STARLINK-6155,2026-06-08T18:09:29Z,-123109.82727933869,162.26032311859663,40.752437486501336,816.8687358784032,2026-06-08 18:09:29+00:00
STARLINK-6155,2026-06-08T18:09:30Z,-124884.59781999954,161.74822364426907,40.52079461806482,820.0825361776921,2026-06-08 18:09:30+00:00
STARLINK-6155,2026-06-08T18:09:31Z,-126638.34286531234,161.24369386291625,40.288364365095966,823.3420623029714,2026-06-08 18:09:31+00:00
STARLINK-6155,2026-06-08T18:09:32Z,-128371.10220871284,160.74664462449115,40.05523986273228,826.646769809315,2026-06-08 18:09:32+00:00
STARLINK-11673,2026-06-08T18:09:43Z,-9030.817553993662,295.3690506388019,40.44560857917454,23564532503.655865,2026-06-08 18:09:43+00:00
STARLINK-11673,2026-06-08T18:09:44Z,-8789.046699313769,293.9196121016951,42.93702940379192,23579636093.548977,2026-06-08 18:09:44+00:00
STARLINK-11673,2026-06-08T18:09:45Z,-6598.055382251655,278.9375576991797,59.43071208430075,23668462420.72073,2026-06-08 18:09:45+00:00
STARLINK-11673,2026-06-08T18:09:46Z,-3716.4145556425,242.7124265398739,71.43197491395995,23722390104.948517,2026-06-08 18:09:46+00:00
STARLINK-11673,2026-06-08T18:09:47Z,-449.45444152538505,185.5107582031083,69.11002312070445,23735834851.340992,2026-06-08 18:09:47+00:00
STARLINK-11673,2026-06-08T18:09:48Z,2866.939206892077,157.48029233205364,55.25629136219219,23707416451.534325,2026-06-08 18:09:48+00:00
STARLINK-11673,2026-06-08T18:09:49Z,-8864.59725346966,294.37241095862265,42.18194501930936,23575294821.29857,2026-06-08 18:09:49+00:00
STARLINK-11673,2026-06-08T18:09:50Z,-8945.554090515005,294.85813517700234,41.34952898306685,23570302830.45044,2026-06-08 18:09:50+00:00
STARLINK-11673,2026-06-08T18:09:51Z,-9021.719699150291,295.31641848106955,40.54241916844842,23565423730.464638,2026-06-08 18:09:51+00:00
STARLINK-11673,2026-06-08T18:09:52Z,-8779.308415125788,293.8612936496153,43.03288384621177,23580501059.51292,2026-06-08 18:09:52+00:00
STARLINK-11673,2026-06-08T18:09:53Z,-8520.530882370425,292.303342190169,45.47313084583998,23594889058.59635,2026-06-08 18:09:53+00:00
STARLINK-11673,2026-06-08T18:09:54Z,-8940.820709233005,294.8304087601475,41.39852558420655,23570748686.87395,2026-06-08 18:09:54+00:00
STARLINK-11673,2026-06-08T18:09:55Z,-9017.073093183404,295.2894566067977,40.59178053485868,23565875158.98505,2026-06-08 18:09:55+00:00
STARLINK-11673,2026-06-08T18:09:56Z,-6941.219499155796,281.6760039207939,57.33668553946969,23658672366.313896,2026-06-08 18:09:56+00:00
STARLINK-11673,2026-06-08T18:09:57Z,-4137.110771739936,249.73724449276432,70.37827812397744,23717597315.762527,2026-06-08 18:09:57+00:00
STARLINK-11673,2026-06-08T18:09:58Z,-903.86026060315,191.82543513927345,70.37087744777638,23736536957.679916,2026-06-08 18:09:58+00:00
STARLINK-11673,2026-06-08T18:09:59Z,2425.4033714423144,293.81783464291016,43.10393236984518,23581218159.612926,2026-06-08 18:09:59+00:00
STARLINK-11673,2026-06-08T18:10:00Z,-8852.643441914304,294.301685343014,42.30229410429175,23576461705.3387,2026-06-08 18:10:00+00:00
STARLINK-11673,2026-06-08T18:10:01Z,-8933.796797515804,294.7895253326816,41.47093815401673,23571485388.741005,2026-06-08 18:10:01+00:00
STARLINK-11673,2026-06-08T18:10:02Z,-8685.70278205293,293.29835657904925,43.9393607659827,23586279372.70092,2026-06-08 18:10:02+00:00
STARLINK-11673,2026-06-08T18:10:03Z,-8417.157700299125,291.6708819349685,46.39711702443164,23600611388.27276,2026-06-08 18:10:03+00:00
STARLINK-11673,2026-06-08T18:10:04Z,-8814.81819717106,294.0746632523196,42.68139868655427,23578881330.90521,2026-06-08 18:10:04+00:00
STARLINK-11673,2026-06-08T18:10:05Z,-8965.680996975769,294.9822174319742,41.136902705443326,23569608652.573917,2026-06-08 18:10:05+00:00
STARLINK-11673,2026-06-08T18:10:06Z,-6864.456994574035,281.05325163391274,57.820825907754944,23661383527.28599,2026-06-08 18:10:06+00:00
STARLINK-11673,2026-06-08T18:10:07Z,-4043.382722463175,248.14796237005757,70.62644626804085,23719007410.64005,2026-06-08 18:10:07+00:00
STARLINK-11673,2026-06-08T18:10:08Z,-802.8797697717575,190.3364812030705,70.07282690056134,23736505153.05462,2026-06-08 18:10:08+00:00
STARLINK-11673,2026-06-08T18:10:09Z,2523.3506410346586,159.42241232782646,56.86668537175392,23712079509.806374,2026-06-08 18:10:09+00:00
STARLINK-11673,2026-06-08T18:10:10Z,-9038.827305292893,295.4251571336872,40.35459983520654,23565025783.536736,2026-06-08 18:10:10+00:00
STARLINK-11673,2026-06-08T18:10:11Z,-8798.200410222633,293.9748917148664,42.846373665630274,23580125670.918964,2026-06-08 18:10:11+00:00
STARLINK-11673,2026-06-08T18:10:12Z,-8165.430460537567,290.1087815434819,48.53930509018724,23613046189.45661,2026-06-08 18:10:12+00:00
STARLINK-11673,2026-06-08T18:10:13Z,-8958.337360426312,294.93947208422554,41.21331538663719,23570372458.41185,2026-06-08 18:10:13+00:00
STARLINK-11673,2026-06-08T18:10:14Z,-8712.42462439755,293.9515271423064,42.88484287513763,23580503255.2798,2026-06-08 18:10:14+00:00
STARLINK-11673,2026-06-08T18:10:15Z,-8875.506489001697,294.4405686879421,42.069805341578814,23575659248.90183,2026-06-08 18:10:15+00:00
STARLINK-11673,2026-06-08T18:10:16Z,-6730.312072399873,279.9529445885807,58.64720813343208,23665720264.17573,2026-06-08 18:10:16+00:00
STARLINK-11673,2026-06-08T18:10:17Z,-2085.5756395977846,211.7298745788578,72.4228738751782,23734817373.894344,2026-06-08 18:10:17+00:00
STARLINK-34342,2026-06-08T18:10:28Z,2056.153903489552,9.012163357978038,-1.3454259708805667,1843714399753.656,2026-06-08 18:10:28+00:00
STARLINK-34342,2026-06-08T18:10:29Z,-8656.91745347643,301.0106292302484,-39.710365527524445,1836272867986.2,2026-06-08 18:10:29+00:00
STARLINK-34342,2026-06-08T18:10:30Z,-7176.005007918063,215.74835572161052,-20.69167342332989,1820483537168.0032,2026-06-08 18:10:30+00:00
STARLINK-34342,2026-06-08T18:10:31Z,4689.089539723856,156.5034033982825,26.394432527597395,1818905774724.985,2026-06-08 18:10:31+00:00
STARLINK-30776,2026-06-08T18:10:42Z,85870.2317512286,259.96945302382835,70.30920531769628,593.6779014753429,2026-06-08 18:10:42+00:00
STARLINK-30776,2026-06-08T18:10:43Z,83066.7427515881,259.7932168208481,70.97149573329298,591.4885846647226,2026-06-08 18:10:43+00:00
STARLINK-30776,2026-06-08T18:10:44Z,80232.38835869882,259.60311485850286,71.63821925939807,589.3723297213036,2026-06-08 18:10:44+00:00
STARLINK-30776,2026-06-08T18:10:45Z,77367.79183560629,259.3974764386399,72.30924098886483,587.3299287004901,2026-06-08 18:10:45+00:00
STARLINK-30776,2026-06-08T18:10:46Z,74473.62559055668,259.1743521177128,72.98441572774921,585.3621567516822,2026-06-08 18:10:46+00:00
STARLINK-30776,2026-06-08T18:10:47Z,71550.61162545494,258.93145328619084,73.66358703545643,583.4697710530563,2026-06-08 18:10:47+00:00
STARLINK-30776,2026-06-08T18:10:48Z,68599.52130230636,258.66607533149454,74.34658615602223,581.6535093746836,2026-06-08 18:10:48+00:00
STARLINK-30776,2026-06-08T18:10:49Z,65621.1752406209,258.37499904961544,75.03323056654216,579.9140888571388,2026-06-08 18:10:49+00:00
STARLINK-30776,2026-06-08T18:10:50Z,62616.44302352936,258.054362763874,75.72332210217898,578.2522047732766,2026-06-08 18:10:50+00:00
STARLINK-30776,2026-06-08T18:10:51Z,59586.24255559961,257.6994945068266,76.41664452912917,576.6685292053138,2026-06-08 18:10:51+00:00
STARLINK-30776,2026-06-08T18:10:52Z,56531.539315042086,257.30468904638167,77.11296027330992,575.1637097952228,2026-06-08 18:10:52+00:00
STARLINK-30776,2026-06-08T18:10:53Z,53453.34563359941,256.8629075582183,77.81200592993837,573.7383686173308,2026-06-08 18:10:53+00:00
STARLINK-30776,2026-06-08T18:10:54Z,50352.71935806201,256.3653668639972,78.51348618668099,572.3931008640009,2026-06-08 18:10:54+00:00
STARLINK-30776,2026-06-08T18:10:55Z,47230.76276959982,255.80096840568248,79.21706517796495,571.1284737790814,2026-06-08 18:10:55+00:00
STARLINK-30776,2026-06-08T18:10:56Z,44088.620857997485,255.15548955503303,79.92235425637524,569.945025426035,2026-06-08 18:10:56+00:00
STARLINK-30776,2026-06-08T18:10:57Z,40927.47983984548,254.4104150420317,80.6288940335944,568.8432636826686,2026-06-08 18:10:57+00:00
STARLINK-30776,2026-06-08T18:10:58Z,37748.56525270797,253.54120951418136,81.3361276456446,567.8236651758708,2026-06-08 18:10:58+00:00
STARLINK-30776,2026-06-08T18:10:59Z,34553.139932509104,252.5146986992154,82.04335975816373,566.8866742925566,2026-06-08 18:10:59+00:00
STARLINK-30776,2026-06-08T18:11:00Z,31342.50154565771,251.284985254109,82.74969188500515,566.0327021742847,2026-06-08 18:11:00+00:00
STARLINK-30776,2026-06-08T18:11:01Z,28117.98062410023,249.78687557027445,83.45391648081971,565.2621259628681,2026-06-08 18:11:01+00:00
STARLINK-30776,2026-06-08T18:11:02Z,24880.93765823973,247.92492257552053,84.15433709030007,564.575287885832,2026-06-08 18:11:02+00:00
STARLINK-30776,2026-06-08T18:11:03Z,21632.760622737074,245.55445175637385,84.84844812176921,563.9724945677503,2026-06-08 18:11:03+00:00
STARLINK-30776,2026-06-08T18:11:04Z,18374.86200545837,242.4473836788456,85.53233486797485,563.4540163250778,2026-06-08 18:11:04+00:00
STARLINK-30776,2026-06-08T18:11:05Z,15108.675823275144,238.22849132870596,86.19948277894315,563.020086570972,2026-06-08 18:11:05+00:00
STARLINK-30776,2026-06-08T18:11:06Z,11835.654732265984,232.25511141595865,86.83827324693121,562.6709013210182,2026-06-08 18:11:06+00:00
STARLINK-30776,2026-06-08T18:11:07Z,8557.26674680591,223.40705339930423,87.42649938204578,562.4066187314794,2026-06-08 18:11:07+00:00
STARLINK-30776,2026-06-08T18:11:08Z,5274.991853206779,209.8781797408923,87.91985852661904,562.2273587374233,2026-06-08 18:11:08+00:00
STARLINK-30776,2026-06-08T18:11:09Z,1990.319042862494,189.91397441815937,88.23608050056825,562.1332028048663,2026-06-08 18:11:09+00:00
STARLINK-30776,2026-06-08T18:11:10Z,-1295.2575284327004,165.60539496954655,88.27443624389025,562.1241937244037,2026-06-08 18:11:10+00:00
STARLINK-30776,2026-06-08T18:11:11Z,-4580.241352008286,144.1086047243871,88.01868700878315,562.2003355289061,2026-06-08 18:11:11+00:00
STARLINK-30776,2026-06-08T18:11:12Z,-7863.137446952487,129.0949386650818,87.55983910528815,562.3615934756643,2026-06-08 18:11:12+00:00
STARLINK-30776,2026-06-08T18:11:13Z,-11142.45552024932,119.283432137293,86.9897592292494,562.6078941286883,2026-06-08 18:11:13+00:00
STARLINK-30776,2026-06-08T18:11:14Z,-14416.713401749146,112.72759449880732,86.36084129413075,562.939125527103,2026-06-08 18:11:14+00:00
STARLINK-30776,2026-06-08T18:11:15Z,-17684.44025123936,108.1486817087408,85.69938212854409,563.3551374249988,2026-06-08 18:11:15+00:00
STARLINK-30776,2026-06-08T18:11:16Z,-20944.18007400744,104.80925102579018,85.01893618874081,563.8557416600645,2026-06-08 18:11:16+00:00
STARLINK-30776,2026-06-08T18:11:17Z,-24194.494585525736,102.28211099439989,84.32697070255865,564.4407125346657,2026-06-08 18:11:17+00:00
STARLINK-30776,2026-06-08T18:11:18Z,-27433.96655671427,100.31032994520926,83.627898700683,565.1097873535969,2026-06-08 18:11:18+00:00
STARLINK-30776,2026-06-08T18:11:19Z,-30661.20268460937,98.73260854510202,82.92450273865389,565.8626669901965,2026-06-08 18:11:19+00:00
STARLINK-30776,2026-06-08T18:11:20Z,-33874.83645647412,97.44351735826548,82.21864186942376,566.6990165415975,2026-06-08 18:11:20+00:00
STARLINK-30776,2026-06-08T18:11:21Z,-37073.53098985038,96.37162923201954,81.51162372512071,567.6184660899619,2026-06-08 18:11:21+00:00
STARLINK-30776,2026-06-08T18:11:22Z,-40255.98138977578,95.46701396006094,80.80441114073258,568.6206114404666,2026-06-08 18:11:22+00:00
STARLINK-30776,2026-06-08T18:11:23Z,-43420.9173750139,94.69380452729342,80.09774230436079,569.7050150392141,2026-06-08 18:11:23+00:00
STARLINK-30776,2026-06-08T18:11:24Z,-46567.10553346273,94.025616907305,79.39220361331837,570.8712069068541,2026-06-08 18:11:24+00:00
STARLINK-30776,2026-06-08T18:11:25Z,-49693.351228307685,93.44263501589045,78.68827547484979,572.118685556138,2026-06-08 18:11:25+00:00
STARLINK-30776,2026-06-08T18:11:26Z,-52798.50065539482,92.9297006738404,77.98636191946075,573.4469190777927,2026-06-08 18:11:26+00:00
STARLINK-30776,2026-06-08T18:11:27Z,-55881.44247200461,92.47502923489836,77.2868103581163,574.8553461853553,2026-06-08 18:11:27+00:00
STARLINK-30776,2026-06-08T18:11:28Z,-58941.10947462254,92.06932555443244,76.58992500619345,576.3433774062049,2026-06-08 18:11:28+00:00
STARLINK-30776,2026-06-08T18:11:29Z,-61976.47976215801,91.70516274675026,75.895976296488,577.9103961647546,2026-06-08 18:11:29+00:00
STARLINK-30776,2026-06-08T18:11:30Z,-64986.57788112339,91.37653728014568,75.20520753424897,579.5557599646,2026-06-08 18:11:30+00:00
STARLINK-30776,2026-06-08T18:11:31Z,-67970.4759693732,91.07854489917511,74.51783966093987,581.2788017102821,2026-06-08 18:11:31+00:00
STARLINK-30776,2026-06-08T18:11:32Z,-70927.29430676186,90.8071409451764,73.83407483229729,583.0788308347111,2026-06-08 18:11:32+00:00
STARLINK-30776,2026-06-08T18:11:33Z,-73856.20199859308,90.5589605323824,73.15409902452159,584.9551346136003,2026-06-08 18:11:33+00:00
STARLINK-30776,2026-06-08T18:11:34Z,-76756.41736926384,90.33118192275997,72.47808402423843,586.9069794382935,2026-06-08 18:11:34+00:00
STARLINK-30776,2026-06-08T18:11:35Z,-79627.20810017671,90.12142149204958,71.8061889743936,588.933612039394,2026-06-08 18:11:35+00:00
STARLINK-30776,2026-06-08T18:11:36Z,-82467.8913981135,89.92765208616667,71.13856153575934,591.0342608497738,2026-06-08 18:11:36+00:00
STARLINK-30776,2026-06-08T18:11:37Z,-85277.83379896566,89.74813894688926,70.47533884683742,593.2081372319901,2026-06-08 18:11:37+00:00
STARLINK-30776,2026-06-08T18:11:38Z,-88056.45091573325,89.58138894225999,69.8166482761156,595.4544367671313,2026-06-08 18:11:38+00:00
STARLINK-30776,2026-06-08T18:11:39Z,-90803.20703870112,89.42610999833983,69.16260803666343,597.77234053838,2026-06-08 18:11:39+00:00
STARLINK-30776,2026-06-08T18:11:40Z,-93517.61451923524,89.28117842690652,68.51332771598302,600.1610163364563,2026-06-08 18:11:40+00:00
STARLINK-30776,2026-06-08T18:11:41Z,-96199.233085209,89.14561240952337,67.86890871375397,602.6196198932549,2026-06-08 18:11:41+00:00
STARLINK-30776,2026-06-08T18:11:42Z,-98847.6692376678,89.01855032160998,67.22944457213309,605.1472962923011,2026-06-08 18:11:42+00:00
STARLINK-30776,2026-06-08T18:11:43Z,-101462.57499577952,88.89923292914355,66.59502139192318,607.7431808555383,2026-06-08 18:11:43+00:00
STARLINK-30776,2026-06-08T18:11:44Z,-104043.64706876554,88.7869886333385,65.96571808851024,610.4064004818068,2026-06-08 18:11:44+00:00
STARLINK-30776,2026-06-08T18:11:45Z,-106590.62583463272,88.68122119540391,65.34160664617438,613.136074889596,2026-06-08 18:11:45+00:00
STARLINK-30776,2026-06-08T18:11:46Z,-109103.29389899866,88.5813994780174,64.7227524361562,615.9313174672678,2026-06-08 18:11:46+00:00
STARLINK-30776,2026-06-08T18:11:47Z,-111581.47512008274,88.48704879741199,64.10921438854123,618.7912366609352,2026-06-08 18:11:47+00:00
STARLINK-30776,2026-06-08T18:11:48Z,-114025.03302227934,88.39774363485927,63.501045288005606,621.7149367305042,2026-06-08 18:11:48+00:00
STARLINK-30776,2026-06-08T18:11:49Z,-116433.8696146036,88.31310143312703,62.8982919483239,624.7015189801959,2026-06-08 18:11:49+00:00
STARLINK-30776,2026-06-08T18:11:50Z,-118807.92390198416,88.23277731605434,62.30099544526054,627.7500826582512,2026-06-08 18:11:50+00:00
STARLINK-30776,2026-06-08T18:11:51Z,-121147.1703839943,88.15645956693179,61.70919133916274,630.8597258311156,2026-06-08 18:11:51+00:00
STARLINK-30776,2026-06-08T18:11:52Z,-123451.6176754664,88.08386573777992,61.12290985586094,634.0295464137954,2026-06-08 18:11:52+00:00
STARLINK-30776,2026-06-08T18:11:53Z,-125721.30694136888,88.01473929793283,60.54217610603046,637.2586429481302,2026-06-08 18:11:53+00:00
STARLINK-30776,2026-06-08T18:11:54Z,-127956.31040404578,87.94884673021507,59.96701028041206,640.5461154487938,2026-06-08 18:11:54+00:00
STARLINK-30776,2026-06-08T18:11:55Z,-130156.72982839792,87.88597500906808,59.39742784661106,643.8910661882163,2026-06-08 18:11:55+00:00
STARLINK-30776,2026-06-08T18:11:56Z,-132322.69502427397,87.82592940251914,58.83343973919453,647.2926004670765,2026-06-08 18:11:56+00:00
STARLINK-30776,2026-06-08T18:11:57Z,-134454.3622656358,87.76853155317328,58.27505257089182,650.7498272008376,2026-06-08 18:11:57+00:00
STARLINK-30776,2026-06-08T18:11:58Z,-136551.91296324652,87.71361778983925,57.72226877825115,654.2618598530123,2026-06-08 18:11:58+00:00
STARLINK-30776,2026-06-08T18:11:59Z,-138615.55199518148,87.66103765201758,57.17508685874706,657.827816750547,2026-06-08 18:11:59+00:00
STARLINK-30776,2026-06-08T18:12:00Z,-140645.50634686556,87.61065258230654,56.63350153001406,661.446821818461,2026-06-08 18:12:00+00:00
STARLINK-30776,2026-06-08T18:12:01Z,-142642.0237536231,87.56233477134367,56.09750389155815,665.1180052623198,2026-06-08 18:12:01+00:00
STARLINK-30776,2026-06-08T18:12:02Z,-144605.37117681047,87.51596613889083,55.56708163575895,668.8405038600445,2026-06-08 18:12:02+00:00
STARLINK-30776,2026-06-08T18:12:03Z,-146535.8335255361,87.4714374241689,55.04221919878329,672.6134615956296,2026-06-08 18:12:03+00:00
STARLINK-30776,2026-06-08T18:12:04Z,-148433.71227476414,87.42864737916332,54.522897945310255,676.4360300026925,2026-06-08 18:12:04+00:00
STARLINK-30776,2026-06-08T18:12:05Z,-150299.3241908584,87.38750204746295,54.00909633090755,680.3073686006004,2026-06-08 18:12:05+00:00
STARLINK-30776,2026-06-08T18:12:06Z,-152133.00016046825,87.34791411825684,53.50079004272829,684.226645440019,2026-06-08 18:12:06+00:00
STARLINK-30776,2026-06-08T18:12:07Z,-153935.08387699185,87.30980235132593,52.99795218682706,688.1930372355707,2026-06-08 18:12:07+00:00
STARLINK-30776,2026-06-08T18:12:08Z,-155705.9306916829,87.27309105847849,52.500553438121656,692.2057297072203,2026-06-08 18:12:08+00:00
STARLINK-30776,2026-06-08T18:12:09Z,-157445.90655489045,87.23770963629163,52.00856217274857,696.2639180073438,2026-06-08 18:12:09+00:00
STARLINK-30776,2026-06-08T18:12:10Z,-159155.3868777099,87.20359214750779,51.521944630766754,700.3668068421551,2026-06-08 18:12:10+00:00
STARLINK-30776,2026-06-08T18:12:11Z,-160834.75557180768,87.17067694068477,51.04066503676251,704.5136108745143,2026-06-08 18:12:11+00:00
STARLINK-30776,2026-06-08T18:12:12Z,-162484.40395626827,87.13890630961339,50.56468576664839,708.7035546720205,2026-06-08 18:12:12+00:00
STARLINK-30776,2026-06-08T18:12:13Z,-164104.72988866392,87.108226181607,50.09396745888915,712.935873059309,2026-06-08 18:12:13+00:00
STARLINK-30776,2026-06-08T18:12:14Z,-165696.1368779473,87.0785858358761,49.62846913875384,717.2098113061845,2026-06-08 18:12:14+00:00
STARLINK-30776,2026-06-08T18:12:15Z,-167259.0331869927,87.0499376486393,49.16814835400192,721.5246251447044,2026-06-08 18:12:15+00:00
STARLINK-30776,2026-06-08T18:12:16Z,-168793.83108949734,87.02223685928058,48.712961273589634,725.8795810626652,2026-06-08 18:12:16+00:00
STARLINK-30776,2026-06-08T18:12:17Z,-170300.9460067703,86.9954413600659,48.26286282988459,730.2739561249631,2026-06-08 18:12:17+00:00
STARLINK-30776,2026-06-08T18:12:18Z,-171780.79585005276,86.96951150150103,47.81780680823981,734.7070382255965,2026-06-08 18:12:18+00:00
STARLINK-30776,2026-06-08T18:12:19Z,-173233.80034794786,86.94440991541508,47.377745948301005,739.1781261777102,2026-06-08 18:12:19+00:00
STARLINK-30776,2026-06-08T18:12:20Z,-174660.380372201,86.9201013537672,46.94263205354746,743.6865296575621,2026-06-08 18:12:20+00:00
STARLINK-30776,2026-06-08T18:12:21Z,-176060.95734570315,86.89655254027652,46.51241608356007,748.2315692583559,2026-06-08 18:12:21+00:00
STARLINK-30776,2026-06-08T18:12:22Z,-177435.95267712142,86.87373203449658,46.08704824534102,752.8125764964269,2026-06-08 18:12:22+00:00
STARLINK-30776,2026-06-08T18:12:23Z,-178785.7872232288,86.85161010712523,45.66647808321907,757.4288937720817,2026-06-08 18:12:23+00:00
STARLINK-30776,2026-06-08T18:12:24Z,-180110.88083321985,86.83015862461143,45.25065455007365,762.0798744778584,2026-06-08 18:12:24+00:00
STARLINK-30776,2026-06-08T18:12:25Z,-181411.65185139564,86.80935094410424,44.83952609804598,766.7648828386193,2026-06-08 18:12:25+00:00
STARLINK-30776,2026-06-08T18:12:26Z,-182688.51665609205,86.78916181658838,44.43304076473181,771.4832937321536,2026-06-08 18:12:26+00:00
STARLINK-30776,2026-06-08T18:12:27Z,-183941.88937367548,86.76956729533103,44.03114620981204,776.2344930300457,2026-06-08 18:12:27+00:00
STARLINK-30776,2026-06-08T18:12:28Z,-185172.1814056805,86.75054465457863,43.6337898168106,781.0178771369623,2026-06-08 18:12:28+00:00
STARLINK-30776,2026-06-08T18:12:29Z,-186379.8011558633,86.73207231184855,43.24091873688081,785.8328531484275,2026-06-08 18:12:29+00:00
STARLINK-30776,2026-06-08T18:12:30Z,-187565.1537284286,86.71412975682958,42.852479946747046,790.6788388042603,2026-06-08 18:12:30+00:00
STARLINK-30776,2026-06-08T18:12:31Z,-188728.6405713251,86.6966974867147,42.4684203300568,795.5552620943907,2026-06-08 18:12:31+00:00
STARLINK-30776,2026-06-08T18:12:32Z,-189870.65931072293,86.67975694381676,42.08868670105836,800.4615615340713,2026-06-08 18:12:32+00:00
STARLINK-30776,2026-06-08T18:12:33Z,-190991.60343626785,86.66329046015521,41.713225881940765,805.3971857197702,2026-06-08 18:12:33+00:00
STARLINK-30776,2026-06-08T18:12:34Z,-192091.86216999643,86.64728120367317,41.3419847237345,810.3615935631101,2026-06-08 18:12:34+00:00
STARLINK-30776,2026-06-08T18:12:35Z,-193171.82023584,86.63171312993043,40.9749101642917,815.3542540071847,2026-06-08 18:12:35+00:00
STARLINK-30776,2026-06-08T18:12:36Z,-194231.85766063596,86.6165709370001,40.611949280148345,820.3746457662018,2026-06-08 18:12:36+00:00
STARLINK-30776,2026-06-08T18:12:37Z,-195272.34965525527,86.6018400226028,40.25304931497488,825.4222573405447,2026-06-08 18:12:37+00:00
STARLINK-32464,2026-06-08T18:12:48Z,-187405.915240518,113.87348997536374,43.36542240918061,579.1495711075718,2026-06-08 18:12:48+00:00
STARLINK-32464,2026-06-08T18:12:49Z,-189153.33012160863,113.64927621152395,42.8550013395215,584.0291243567375,2026-06-08 18:12:49+00:00
STARLINK-32464,2026-06-08T18:12:50Z,-190857.08102044344,113.43247456516738,42.3521187846524,588.9533955308294,2026-06-08 18:12:50+00:00
STARLINK-32464,2026-06-08T18:12:51Z,-192518.22773784236,113.22273346684464,41.85668220039123,593.9212668247148,2026-06-08 18:12:51+00:00
STARLINK-32464,2026-06-08T18:12:52Z,-194137.81739963187,113.01972284951388,41.36859598257111,598.9316477726965,2026-06-08 18:12:52+00:00
STARLINK-32464,2026-06-08T18:12:53Z,-195716.8831431923,112.8231325673942,40.88776194172376,603.9834746982582,2026-06-08 18:12:53+00:00
STARLINK-32464,2026-06-08T18:12:54Z,-197256.44313490856,112.6326709279006,40.41407968701344,609.0757106780563,2026-06-08 18:12:54+00:00
STARLINK-34311,2026-06-08T18:13:05Z,7059.607393822479,59.22624017054295,-51.25901960677192,398065884488.15967,2026-06-08 18:13:05+00:00
STARLINK-34311,2026-06-08T18:13:06Z,-10388.82992956936,237.02745430917355,-19.41507124030299,401267360985.8669,2026-06-08 18:13:06+00:00
STARLINK-34311,2026-06-08T18:13:07Z,-223.27059896181296,316.12538963802484,88.59278574137814,398454278255.9572,2026-06-08 18:13:07+00:00
STARLINK-34311,2026-06-08T18:13:08Z,10430.545999856531,58.03675650195362,-20.54764745963774,397151295388.3111,2026-06-08 18:13:08+00:00
STARLINK-34311,2026-06-08T18:13:09Z,-7048.446696312734,235.89733431737216,-49.586905241026,400855465350.776,2026-06-08 18:13:09+00:00
STARLINK-34311,2026-06-08T18:13:10Z,-5813.841036114202,239.84778872176503,59.19648785558089,399645367902.3014,2026-06-08 18:13:10+00:00
STARLINK-34311,2026-06-08T18:13:11Z,10869.105101358597,57.27640278608523,10.271014649643991,396755974768.2168,2026-06-08 18:13:11+00:00
STARLINK-34311,2026-06-08T18:13:12Z,-1776.0843011414868,229.7940169602899,-79.7993051001589,399936876290.93005,2026-06-08 18:13:12+00:00
STARLINK-34311,2026-06-08T18:13:13Z,-9780.638646176834,238.3001687539989,28.89139686764519,400659208753.19147,2026-06-08 18:13:13+00:00
STARLINK-34311,2026-06-08T18:13:14Z,8234.115835506585,56.32269070730498,41.09809881733848,396992506618.6798,2026-06-08 18:13:14+00:00
STARLINK-34311,2026-06-08T18:13:15Z,4011.314976590816,61.289501646844606,-69.61353683657887,398761334798.3104,2026-06-08 18:13:15+00:00
STARLINK-34311,2026-06-08T18:13:16Z,-11072.130104985894,237.51039828361644,-1.2991857854170863,401219547170.16925,2026-06-08 18:13:16+00:00
STARLINK-34311,2026-06-08T18:13:17Z,3285.1577503906847,53.29121143905802,71.81549104294184,397793462213.828,2026-06-08 18:13:17+00:00
STARLINK-34311,2026-06-08T18:13:18Z,8714.37582409329,58.680435583770056,-39.02017484471109,397652928031.0372,2026-06-08 18:13:18+00:00
STARLINK-34311,2026-06-08T18:13:19Z,-9361.754101160042,236.6949438389113,-31.44783423295235,401175449348.6513,2026-06-08 18:13:19+00:00
STARLINK-34311,2026-06-08T18:13:20Z,-2559.84675502107,243.8622522317549,77.456061833978,398932166155.0258,2026-06-08 18:13:20+00:00
STARLINK-34311,2026-06-08T18:13:21Z,10990.293525804072,57.76010344372498,-8.262668290443166,396921955057.5433,2026-06-08 18:13:21+00:00
STARLINK-34311,2026-06-08T18:13:22Z,-5107.176769839499,234.9577424493426,-61.63579595949095,400538941328.4369,2026-06-08 18:13:22+00:00
STARLINK-34311,2026-06-08T18:13:23Z,-7667.502889755634,239.07494636353445,47.097062402390826,400090652733.5234,2026-06-08 18:13:23+00:00
STARLINK-34311,2026-06-08T18:13:24Z,10166.554319916457,56.980290979084906,22.56443582270379,396775585754.49146,2026-06-08 18:13:24+00:00
STARLINK-34311,2026-06-08T18:13:25Z,560.7858857351241,92.6261481154378,-87.54863075403367,399481984231.74817,2026-06-08 18:13:25+00:00
STARLINK-34311,2026-06-08T18:13:26Z,-10656.42665565152,237.9981152642501,16.851315054981217,400950546568.05286,2026-06-08 18:13:26+00:00
STARLINK-34311,2026-06-08T18:13:27Z,6471.855645538933,55.67489016260574,53.35663300259736,397255540576.3622,2026-06-08 18:13:27+00:00
STARLINK-34311,2026-06-08T18:13:28Z,6104.242129499619,59.79248468069376,-57.45407405743718,398293281900.7164,2026-06-08 18:13:28+00:00
STARLINK-34311,2026-06-08T18:13:29Z,-10745.83056353152,237.2447906869404,-13.304827378647484,401278869136.9918,2026-06-08 18:13:29+00:00
STARLINK-34311,2026-06-08T18:13:30Z,971.9025270059932,44.18958122779356,83.90528915401345,398225332367.1793,2026-06-08 18:13:30+00:00
STARLINK-34311,2026-06-08T18:13:31Z,9972.079661759191,58.30162304109189,-26.79062445347133,397302442323.8712,2026-06-08 18:13:31+00:00
STARLINK-34311,2026-06-08T18:13:32Z,-7924.6104878451715,236.2424483587256,-43.45319944106408,400987514448.35474,2026-06-08 18:13:32+00:00
STARLINK-34311,2026-06-08T18:13:33Z,-4771.51353394702,240.6939454036612,65.3698518339066,399411939969.75903,2026-06-08 18:13:33+00:00
STARLINK-34311,2026-06-08T18:13:34Z,11046.064552481106,57.49442275553359,3.99870582291966,396788256065.1519,2026-06-08 18:13:34+00:00
STARLINK-34311,2026-06-08T18:13:35Z,-2940.7027875043204,232.73150056194132,-73.65520252639371,400154969972.5749,2026-06-08 18:13:35+00:00
STARLINK-34311,2026-06-08T18:13:36Z,-9174.180667762172,238.60078705669383,35.05416489145076,400486248756.54565,2026-06-08 18:13:36+00:00
STARLINK-34311,2026-06-08T18:13:37Z,9000.20083693641,56.6091478355156,34.81746107935878,396896856463.6692,2026-06-08 18:13:37+00:00
STARLINK-34311,2026-06-08T18:13:38Z,2873.4282977991384,63.2724709742976,-75.81566735056113,399006870696.5283,2026-06-08 18:13:38+00:00
STARLINK-34311,2026-06-08T18:13:39Z,-11061.99782880244,237.7300855524632,4.860145921849198,401154946212.1877,2026-06-08 18:13:39+00:00
STARLINK-34311,2026-06-08T18:13:40Z,4421.401429791261,54.45683386900837,65.55414138879024,397597294366.5773,2026-06-08 18:13:40+00:00
STARLINK-34311,2026-06-08T18:13:41Z,7922.601189859792,59.06384664213463,-45.29247226341737,397858481812.986,2026-06-08 18:13:41+00:00
STARLINK-34311,2026-06-08T18:13:42Z,-9950.707671134438,236.9387484357735,-25.275109053180145,401237732830.437,2026-06-08 18:13:42+00:00
STARLINK-34311,2026-06-08T18:13:43Z,-1375.349572167089,250.59759873043043,83.6228297471358,398691112031.7497,2026-06-08 18:13:43+00:00
STARLINK-34311,2026-06-08T18:13:44Z,10776.074253288782,57.9971496133896,-14.575864578994349,397030044721.7489,2026-06-08 18:13:44+00:00
STARLINK-34311,2026-06-08T18:13:45Z,-6141.687463893065,235.5331833191104,-55.43485087286568,400712562366.7093,2026-06-08 18:13:45+00:00
STARLINK-34311,2026-06-08T18:13:46Z,-6761.940084243169,239.56632589728204,53.32222109738996,399872218638.12354,2026-06-08 18:13:46+00:00
STARLINK-34311,2026-06-08T18:13:47Z,10598.13035236305,57.21093696905776,16.22996463651283,396755657874.4687,2026-06-08 18:13:47+00:00
STARLINK-34311,2026-06-08T18:13:48Z,-644.4150730914728,218.86259319409916,-85.51518887659667,399721000564.92645,2026-06-08 18:13:48+00:00
STARLINK-34311,2026-06-08T18:13:49Z,-10272.811082501225,238.25373866234568,23.066076910890324,400815266355.6019,2026-06-08 18:13:49+00:00
STARLINK-34311,2026-06-08T18:13:50Z,7428.031070581107,56.08437047881785,47.022974402388265,397113422758.085,2026-06-08 18:13:50+00:00
STARLINK-34311,2026-06-08T18:13:51Z,5058.898725098113,60.58632305657231,-63.747603444494985,398532912806.829,2026-06-08 18:13:51+00:00
STARLINK-34311,2026-06-08T18:13:52Z,-10984.861091400277,237.46526022219643,-7.087308117360196,401264322927.2412,2026-06-08 18:13:52+00:00
STARLINK-34311,2026-06-08T18:13:53Z,2179.588103104493,50.98367426626549,77.66467868763344,398001571534.013,2026-06-08 18:13:53+00:00
STARLINK-34311,2026-06-08T18:13:54Z,9384.48358018717,58.60209952983077,-33.137383183285,397476393210.34094,2026-06-08 18:13:54+00:00
STARLINK-34311,2026-06-08T18:13:55Z,-8724.252755338295,236.54755806556057,-37.21537114141317,401098794179.5,2026-06-08 18:13:55+00:00
STARLINK-34311,2026-06-08T18:13:56Z,-3651.2649193378593,242.06120441458407,71.65178788959894,399169650889.5756,2026-06-08 18:13:56+00:00
STARLINK-34311,2026-06-08T18:13:57Z,11091.229869439609,57.72105289148361,-2.381698151606511,396847632436.48193,2026-06-08 18:13:57+00:00
STARLINK-34311,2026-06-08T18:13:58Z,-4091.3862837899983,234.1493459847857,-67.39211542564772,400363282218.933,2026-06-08 18:13:58+00:00
STARLINK-34311,2026-06-08T18:13:59Z,-8447.068777201159,238.95361702797183,41.32954935532638,400292920816.1783,2026-06-08 18:13:59+00:00
STARLINK-34311,2026-06-08T18:14:00Z,9670.641522704653,56.875707214374025,28.424348053705977,396824895223.69794,2026-06-08 18:14:00+00:00
STARLINK-34311,2026-06-08T18:14:01Z,1680.812416101022,68.27643786247202,-82.07844209161335,399256544060.9845,2026-06-08 18:14:01+00:00
STARLINK-34311,2026-06-08T18:14:02Z,-10921.071597012286,237.9636687740189,11.129032371079203,401064032793.8993,2026-06-08 18:14:02+00:00
STARLINK-34311,2026-06-08T18:14:03Z,5526.087934253379,55.212893533399786,59.17293565025321,397414650983.61145,2026-06-08 18:14:03+00:00
STARLINK-34311,2026-06-08T18:14:04Z,7019.851101920929,59.54243298690306,-51.66577231733044,398081293260.8974,2026-06-08 18:14:04+00:00
STARLINK-34311,2026-06-08T18:14:05Z,-10432.789424041976,237.17607497484184,-18.99654057867673,401274813903.4514,2026-06-08 18:14:05+00:00
STARLINK-34311,2026-06-08T18:14:06Z,-150.26982006788845,333.7168902673387,88.51688278953586,398449650770.3754,2026-06-08 18:14:06+00:00
STARLINK-34311,2026-06-08T18:14:07Z,10424.48569179964,58.25592159576136,-20.99444886806915,397163939319.3793,2026-06-08 18:14:07+00:00
STARLINK-34311,2026-06-08T18:14:08Z,-7121.435306369022,235.9831994187426,-49.13006250456005,400868883373.58734,2026-06-08 18:14:08+00:00
STARLINK-34311,2026-06-08T18:14:09Z,-5756.529712639078,240.2245718156126,59.66008653515007,399639665234.4206,2026-06-08 18:14:09+00:00
STARLINK-34311,2026-06-08T18:14:10Z,10905.603079980909,57.44227587059225,9.78562953241491,396762864300.7333,2026-06-08 18:14:10+00:00
STARLINK-34311,2026-06-08T18:14:11Z,-1863.0631412364053,229.8264232820791,-79.29911553977547,399955469349.256,2026-06-08 18:14:11+00:00
STARLINK-34311,2026-06-08T18:14:12Z,-9758.146033139234,238.5400863281996,29.392492078450758,400656098318.3682,2026-06-08 18:14:12+00:00
STARLINK-34311,2026-06-08T18:14:13Z,8310.019504396378,56.43339538694024,40.57496484226757,396992027625.1182,2026-06-08 18:14:13+00:00
STARLINK-34311,2026-06-08T18:14:14Z,3932.856155947688,61.83195809972674,-70.13587808425125,398782312352.6403,2026-06-08 18:14:14+00:00
STARLINK-34311,2026-06-08T18:14:15Z,-11096.349503191832,237.69245814294248,-0.7617087710820637,401222576654.4204,2026-06-08 18:14:15+00:00
STARLINK-34311,2026-06-08T18:14:16Z,3384.1662710266173,53.31645267521824,71.25368367528979,397786244276.843,2026-06-08 18:14:16+00:00
STARLINK-34311,2026-06-08T18:14:17Z,8668.999919183552,58.9526657067757,-39.58683268193351,397672051339.4243,2026-06-08 18:14:17+00:00
STARLINK-34311,2026-06-08T18:14:18Z,-9432.994557903055,236.82734759563635,-30.872994986886653,401186843874.58026,2026-06-08 18:14:18+00:00
STARLINK-34311,2026-06-08T18:14:19Z,-2463.531592661355,244.7997939786949,78.0311537632409,398921221860.5236,2026-06-08 18:14:19+00:00
STARLINK-34311,2026-06-08T18:14:20Z,10996.91124277976,57.960433481233416,-8.869210993148355,396934744670.8442,2026-06-08 18:14:20+00:00
STARLINK-34311,2026-06-08T18:14:21Z,-5212.384695480906,235.021158930973,-61.02121575657599,400558656990.4567,2026-06-08 18:14:21+00:00
STARLINK-34311,2026-06-08T18:14:22Z,-7601.96823439857,239.3833843895916,47.71799384341752,400080684519.7111,2026-06-08 18:14:22+00:00
STARLINK-34311,2026-06-08T18:14:23Z,10230.842986082544,57.13069352958345,21.919575410256872,396778857723.58167,2026-06-08 18:14:23+00:00
STARLINK-34311,2026-06-08T18:14:24Z,446.5732360019824,105.6747751915426,-87.97461792474489,399507326110.7918,2026-06-08 18:14:24+00:00
STARLINK-34311,2026-06-08T18:14:25Z,-10643.893536487898,238.2161953273577,17.508306225297062,400946636557.0468,2026-06-08 18:14:25+00:00
STARLINK-34311,2026-06-08T18:14:26Z,6582.154214394344,55.76659099176103,52.67448551139507,397248721831.3848,2026-06-08 18:14:26+00:00
STARLINK-34311,2026-06-08T18:14:27Z,6012.749923706363,60.17577000287106,-58.1384532750996,398319305640.7678,2026-06-08 18:14:27+00:00
STARLINK-34311,2026-06-08T18:14:28Z,-10795.956613645803,237.4118054809863,-12.611430608382117,401284946486.7052,2026-06-08 18:14:28+00:00
STARLINK-34311,2026-06-08T18:14:29Z,1100.9819877562832,44.98507164064903,83.18904148257707,398211005614.4188,2026-06-08 18:14:29+00:00
STARLINK-34311,2026-06-08T18:14:30Z,9933.238884542716,58.544306161533136,-27.517346277926237,397323183038.83685,2026-06-08 18:14:30+00:00
STARLINK-34311,2026-06-08T18:14:31Z,-8030.698832684634,236.3587661459887,-42.721537079728805,401005022987.1912,2026-06-08 18:14:31+00:00
STARLINK-34311,2026-06-08T18:14:32Z,-4659.087393975662,241.1886029765394,66.1093434974276,399395350316.9999,2026-06-08 18:14:32+00:00
STARLINK-34311,2026-06-08T18:14:33Z,11077.974677579974,57.67848054222019,3.23238287928871,396798536770.7229,2026-06-08 18:14:33+00:00
STARLINK-34311,2026-06-08T18:14:34Z,-3079.5658832454856,232.8244857896304,-72.88181050367366,400182105313.18463,2026-06-08 18:14:34+00:00
STARLINK-34311,2026-06-08T18:14:35Z,-9111.898750585133,238.869067027397,35.83130925356175,400473914638.2068,2026-06-08 18:14:35+00:00
STARLINK-34311,2026-06-08T18:14:36Z,9101.289369791886,56.74465860506321,34.0134111515757,396894117403.1854,2026-06-08 18:14:36+00:00
STARLINK-34311,2026-06-08T18:14:37Z,2737.413467730644,64.19593062782053,-76.6090318465858,399038667484.1872,2026-06-08 18:14:37+00:00
STARLINK-34311,2026-06-08T18:14:38Z,-11071.859429704758,237.93036686482512,5.672796980496877,401152807199.6129,2026-06-08 18:14:38+00:00
STARLINK-34311,2026-06-08T18:14:39Z,4568.619086228755,54.54446797083194,64.71337114129264,397582745204.9108,2026-06-08 18:14:39+00:00
STARLINK-34311,2026-06-08T18:14:40Z,7829.087546523842,59.37674163581143,-46.137728232525305,397887885633.1379,2026-06-08 18:14:40+00:00
STARLINK-34311,2026-06-08T18:14:41Z,-10036.655949820572,237.09173641314263,-24.425509011322863,401249358594.40216,2026-06-08 18:14:41+00:00
STARLINK-34311,2026-06-08T18:14:42Z,-1220.8472366601973,253.74992062017685,84.44116933537175,398669709013.5466,2026-06-08 18:14:42+00:00
STARLINK-34311,2026-06-08T18:14:43Z,10757.148405275871,58.21773850841692,-15.462754103709376,397049836940.5358,2026-06-08 18:14:43+00:00
STARLINK-34311,2026-06-08T18:14:44Z,-6287.150801108227,235.63781362528167,-54.545616528457096,400737886191.5739,2026-06-08 18:14:44+00:00
STARLINK-34311,2026-06-08T18:14:45Z,-6643.692324364752,239.93359509428532,54.21965550697348,399851422346.6713,2026-06-08 18:14:45+00:00
STARLINK-34311,2026-06-08T18:14:46Z,10666.845726800238,57.380480515877046,15.304026965103022,396760741711.5987,2026-06-08 18:14:46+00:00
STARLINK-34311,2026-06-08T18:14:47Z,-814.5052190416245,221.25887745823675,-84.60373565345864,399755933011.42303,2026-06-08 18:14:47+00:00
STARLINK-34311,2026-06-08T18:14:48Z,-10226.668342088242,238.4945328029468,23.99882207223535,400802985653.5525,2026-06-08 18:14:48+00:00
STARLINK-34311,2026-06-08T18:14:49Z,7571.83650168436,56.207496194014254,46.0601996149791,397102694579.8712,2026-06-08 18:14:49+00:00
STARLINK-34311,2026-06-08T18:14:50Z,4910.148776884384,61.08724389289189,-64.70801847275062,398570058378.78674,2026-06-08 18:14:50+00:00
STARLINK-34311,2026-06-08T18:14:51Z,-11028.994196793288,237.6503431506658,-6.1189549654019935,401266659001.05975,2026-06-08 18:14:51+00:00
STARLINK-34311,2026-06-08T18:14:52Z,2362.216580631683,51.26749290146757,76.66689409683812,397978632063.19946,2026-06-08 18:14:52+00:00
STARLINK-34311,2026-06-08T18:14:53Z,9302.2239245073,58.87390966585366,-34.14338637425064,397506872232.0446,2026-06-08 18:14:53+00:00
STARLINK-34311,2026-06-08T18:14:54Z,-8853.574775361236,236.68817110616095,-36.20905245850352,401118181632.858,2026-06-08 18:14:54+00:00
STARLINK-34311,2026-06-08T18:14:55Z,-3479.684360137822,242.81346999799052,72.66545108442094,399142024798.95245,2026-06-08 18:14:55+00:00
STARLINK-34311,2026-06-08T18:14:56Z,11105.660271998257,57.923935506451,-3.4287298857916304,396863648320.0557,2026-06-08 18:14:56+00:00
STARLINK-34311,2026-06-08T18:14:57Z,-4277.142287321566,234.2759637076299,-66.34446626492176,400397486795.9106,2026-06-08 18:14:57+00:00
STARLINK-34311,2026-06-08T18:14:58Z,-8335.617253063396,239.25938181436456,42.383125264575554,400270027764.61816,2026-06-08 18:14:58+00:00
STARLINK-34311,2026-06-08T18:14:59Z,9785.438652579893,57.03251846230595,27.33918186557517,396822297570.2192,2026-06-08 18:14:59+00:00
STARLINK-34311,2026-06-08T18:15:00Z,1485.8650473662397,70.90454301708458,-83.12102585172072,399298835407.2675,2026-06-08 18:15:00+00:00
STARLINK-34311,2026-06-08T18:15:01Z,-10904.372150695204,238.1837803599041,12.21713174302656,401054562993.70105,2026-06-08 18:15:01+00:00
STARLINK-34311,2026-06-08T18:15:02Z,5714.738316546544,55.33695828374032,58.0520533385385,397394561643.23785,2026-06-08 18:15:02+00:00
STARLINK-34311,2026-06-08T18:15:03Z,6870.56044578135,59.91506489654784,-52.788611511371016,398121918327.9227,2026-06-08 18:15:03+00:00
STARLINK-34311,2026-06-08T18:15:04Z,-10521.53289412602,237.34802049391945,-17.872199823166408,401284247371.0981,2026-06-08 18:15:04+00:00
STARLINK-34311,2026-06-08T18:15:05Z,62.172317256714365,7.611784222052987,87.95833881496638,398418479031.6623,2026-06-08 18:15:05+00:00
STARLINK-34311,2026-06-08T18:15:06Z,10368.009570061684,58.49987205770808,-22.161186683110888,397192711980.516,2026-06-08 18:15:06+00:00
STARLINK-34311,2026-06-08T18:15:07Z,-7298.558473944605,236.11679476812773,-47.96630260220131,400897762642.6605,2026-06-08 18:15:07+00:00
STARLINK-34311,2026-06-08T18:15:08Z,-5579.372915752588,240.68877195263644,60.83401543713811,399607452387.0365,2026-06-08 18:15:08+00:00
STARLINK-34311,2026-06-08T18:15:09Z,10965.685643842917,57.63045309490139,8.57870657359025,396772243668.1773,2026-06-08 18:15:09+00:00
STARLINK-34311,2026-06-08T18:15:10Z,-2086.065174063347,230.36331011459603,-78.09515837275413,399998859329.0492,2026-06-08 18:15:10+00:00
STARLINK-34311,2026-06-08T18:15:11Z,-9667.528513807652,238.8085358355233,30.60140412764629,400633746411.25226,2026-06-08 18:15:11+00:00
STARLINK-34311,2026-06-08T18:15:12Z,8476.965391207668,56.58098476879238,39.331144713969294,396979691799.5689,2026-06-08 18:15:12+00:00
STARLINK-34311,2026-06-08T18:15:13Z,3723.168725046338,62.58096776155615,-71.36935317472026,398830692624.2003,2026-06-08 18:15:13+00:00
STARLINK-34311,2026-06-08T18:15:14Z,-11121.8036356813,237.89609104943372,0.4817656943975087,401218810071.8649,2026-06-08 18:15:14+00:00
STARLINK-34311,2026-06-08T18:15:15Z,3615.6013336086257,53.52876259213602,69.97589351179079,397756173978.1934,2026-06-08 18:15:15+00:00
STARLINK-34311,2026-06-08T18:15:16Z,8533.719899138314,59.26280101426566,-40.87132134217344,397713629553.0688,2026-06-08 18:15:16+00:00
STARLINK-34311,2026-06-08T18:15:17Z,-9574.251459579857,236.9887108435273,-29.592124039550395,401205702111.3497,2026-06-08 18:15:17+00:00
STARLINK-34311,2026-06-08T18:15:18Z,-2230.700167053821,246.3546187603104,79.31077430693983,398882819646.6848,2026-06-08 18:15:18+00:00
STARLINK-34311,2026-06-08T18:15:19Z,10980.836789715931,58.18371031306149,-10.196576295696646,396958757095.6201,2026-06-08 18:15:19+00:00
STARLINK-34311,2026-06-08T18:15:20Z,-5438.024904846678,235.1707662803242,-59.69920169101479,400598107175.93854,2026-06-08 18:15:20+00:00
STARLINK-34311,2026-06-08T18:15:21Z,-7433.139599383701,239.74240012578448,49.04836189522731,400046211608.2448,2026-06-08 18:15:21+00:00
STARLINK-34311,2026-06-08T18:15:22Z,10346.566778549231,57.30689724703795,20.55321977498911,396778947242.7485,2026-06-08 18:15:22+00:00
STARLINK-34311,2026-06-08T18:15:23Z,193.4444130265613,148.0861331847417,-88.40124010447065,399559368416.1984,2026-06-08 18:15:23+00:00
STARLINK-34311,2026-06-08T18:15:24Z,-10588.577491265569,238.4588973163209,18.87220440621521,400927813327.1589,2026-06-08 18:15:24+00:00
STARLINK-34311,2026-06-08T18:15:25Z,6803.370461162204,55.91603109652568,51.27277685458831,397225215107.8969,2026-06-08 18:15:25+00:00
STARLINK-34311,2026-06-08T18:15:26Z,5801.70182444477,60.64560086674557,-59.53746578102463,398371717434.05664,2026-06-08 18:15:26+00:00
STARLINK-34311,2026-06-08T18:15:27Z,-10874.690798994636,237.60209506400787,-11.212270856841965,401289693392.9401,2026-06-08 18:15:27+00:00
STARLINK-34311,2026-06-08T18:15:28Z,1368.8722595643248,46.739727132462,81.77055208646895,398171179639.2146,2026-06-08 18:15:28+00:00
STARLINK-34311,2026-06-08T18:15:29Z,9827.873775778433,58.81661098512559,-28.96327388312121,397362690190.7626,2026-06-08 18:15:29+00:00
STARLINK-34311,2026-06-08T18:15:30Z,-8229.159162323433,236.51496270350216,-41.28340290576072,401035139883.0785,2026-06-08 18:15:30+00:00
STARLINK-34311,2026-06-08T18:15:31Z,-4418.589320024982,241.83802848742303,67.55893371680037,399351530387.1735,2026-06-08 18:15:31+00:00
STARLINK-34311,2026-06-08T18:15:32Z,11115.7819061408,57.88568339506333,1.7447053299330326,396814693179.7039,2026-06-08 18:15:32+00:00
STARLINK-34311,2026-06-08T18:15:33Z,-3350.342428515948,233.1321496930033,-71.40164402542504,400232423888.1856,2026-06-08 18:15:33+00:00
STARLINK-34311,2026-06-08T18:15:34Z,-8966.792854807041,239.17314568981493,37.31682012063063,400440057885.784,2026-06-08 18:15:34+00:00
STARLINK-34311,2026-06-08T18:15:35Z,9279.320616522557,56.91288073284707,32.488297128053794,396882699870.7121,2026-06-08 18:15:35+00:00
STARLINK-34311,2026-06-08T18:15:36Z,2465.185311266963,65.66194919716521,-78.10708719333341,399097969385.48535,2026-06-08 18:15:36+00:00
STARLINK-34311,2026-06-08T18:15:37Z,-11065.714746984771,238.15392139172943,7.191682944465249,401140644741.7351,2026-06-08 18:15:37+00:00
STARLINK-34311,2026-06-08T18:15:38Z,4841.842950753415,54.74335928270381,63.154910017557576,397547412100.8879,2026-06-08 18:15:38+00:00
STARLINK-34311,2026-06-08T18:15:39Z,7632.579495821523,59.74101925231203,-47.69970853438283,397941583219.66034,2026-06-08 18:15:39+00:00
STARLINK-34311,2026-06-08T18:15:40Z,-10177.300141791176,237.271937229682,-22.87010536638795,401265132326.5786,2026-06-08 18:15:40+00:00
STARLINK-34311,2026-06-08T18:15:41Z,-926.8580354836956,261.3408681745655,85.90437629682424,398621229398.98096,2026-06-08 18:15:41+00:00
STARLINK-34311,2026-06-08T18:15:42Z,10697.78879101001,58.46418178169063,-17.069925618100108,397083952888.234,2026-06-08 18:15:42+00:00
STARLINK-34311,2026-06-08T18:15:43Z,-6543.677892826327,235.80540718093937,-52.94938262922302,400780429247.9629,2026-06-08 18:15:43+00:00
STARLINK-34311,2026-06-08T18:15:44Z,-6410.795721068408,240.3753472979932,55.82698434064898,399804719675.2468,2026-06-08 18:15:44+00:00
STARLINK-34311,2026-06-08T18:15:45Z,10769.67661388438,57.57533044750298,13.65656354413938,396766147055.56464,2026-06-08 18:15:45+00:00
STARLINK-34311,2026-06-08T18:15:46Z,-1122.8028493436148,224.53259976076285,-82.99754786915138,399816553000.3071,2026-06-08 18:15:46+00:00
STARLINK-34311,2026-06-08T18:15:47Z,-10121.167996560238,238.76426306395408,25.63895361409249,400772993064.2384,2026-06-08 18:15:47+00:00
STARLINK-34311,2026-06-08T18:15:48Z,-4654.302068248089,241.70925109147151,66.260365336277,399406192906.1468,2026-06-08 18:15:48+00:00
