Satellite,NORAD ID,Pass ID,Generation,Timestamp (UTC),Doppler Shift (Hz),Elevation (deg),Azimuth (deg),Distance (km),TLE Age (hours),Timestamp
STARLINK-2469,48128,0,unknown,2026-06-23T17:45:01,135516.4994125741,22.84902864243489,346.6747670518133,1071.404946774735,203.02174303694443,2026-06-23 17:45:01.000000
STARLINK-2469,48128,0,unknown,2026-06-23T17:45:02,134197.7324532371,22.961800556185548,347.028817573146,1067.9121306604925,203.02174303694443,2026-06-23 17:45:02.000000
STARLINK-2469,48128,0,unknown,2026-06-23T17:45:03,132865.85916432354,23.074173143843435,347.38574699472366,1064.4536401868436,203.02174303694443,2026-06-23 17:45:03.000000
STARLINK-2469,48128,0,unknown,2026-06-23T17:45:04,131520.84049846337,23.18612218455261,347.745564451524,1061.029815322257,203.02174303694443,2026-06-23 17:45:04.000000
STARLINK-2469,48128,0,unknown,2026-06-23T17:45:05,130162.6410870088,23.29762299783216,348.1082783467993,1057.6409969970648,203.02174303694443,2026-06-23 17:45:05.000000
STARLINK-2469,48128,0,unknown,2026-06-23T17:45:06,128791.22937289372,23.408650446928227,348.473896321904,1054.2875270088882,203.02174303694443,2026-06-23 17:45:06.000000
STARLINK-2469,48128,0,unknown,2026-06-23T17:45:07,127406.57774328854,23.519178942923972,348.8424252259801,1050.9697479221572,203.02174303694443,2026-06-23 17:45:07.000000
STARLINK-2469,48128,0,unknown,2026-06-23T17:45:08,126008.66266206068,23.62918244962903,349.2138710854905,1047.6880029620536,203.02174303694443,2026-06-23 17:45:08.000000
STARLINK-2469,48128,0,unknown,2026-06-23T17:45:09,124597.46480563226,23.738634488937915,349.5882390726076,1044.442635912781,203.02174303694443,2026-06-23 17:45:09.000000
STARLINK-2469,48128,0,unknown,2026-06-23T17:45:10,123172.96919389842,23.84750814734744,349.9655334746742,1041.2339910002786,203.02174303694443,2026-06-23 17:45:10.000000
STARLINK-2469,48128,0,unknown,2026-06-23T17:45:11,121735.16532538924,23.95577608293023,350.3457576622886,1038.062412781179,203.02174303694443,2026-06-23 17:45:11.000000
STARLINK-2469,48128,0,unknown,2026-06-23T17:45:12,120284.0473104022,24.063410533229927,350.72891405764807,1034.9282460246702,203.02174303694443,2026-06-23 17:45:12.000000
STARLINK-2469,48128,0,unknown,2026-06-23T17:45:13,118819.61400441822,24.17038332392597,351.1150041025346,1031.83183559251,203.02174303694443,2026-06-23 17:45:13.000000
STARLINK-2469,48128,0,unknown,2026-06-23T17:45:14,117341.86913938448,24.276665878467096,351.5040282265796,1028.7735263120735,203.02174303694443,2026-06-23 17:45:14.000000
STARLINK-2469,48128,0,unknown,2026-06-23T17:45:15,115850.82145548952,24.38222922842976,351.895985815072,1025.7536628500477,203.02174303694443,2026-06-23 17:45:15.000000
STARLINK-2469,48128,0,unknown,2026-06-23T17:45:16,114346.48483023496,24.48704402489584,352.29087517717386,1022.7725895789988,203.02174303694443,2026-06-23 17:45:16.000000
STARLINK-2469,48128,0,unknown,2026-06-23T17:45:17,112828.87840860698,24.59108055053167,352.68869351351066,1019.8306504462256,203.02174303694443,2026-06-23 17:45:17.000000
STARLINK-2469,48128,0,unknown,2026-06-23T17:45:18,111298.02672890462,24.6943087328022,353.0894368845778,1016.9281888333918,203.02174303694443,2026-06-23 17:45:18.000000
STARLINK-2469,48128,0,unknown,2026-06-23T17:45:19,109753.95984624732,24.796698158084567,353.4931001793853,1014.0655474138268,203.02174303694443,2026-06-23 17:45:19.000000
STARLINK-2469,48128,0,unknown,2026-06-23T17:45:20,108196.71345604624,24.898218086625644,353.89967708378487,1011.243068009722,203.02174303694443,2026-06-23 17:45:20.000000
STARLINK-2469,48128,0,unknown,2026-06-23T17:45:21,106626.32901519068,24.99883746841909,354.3091600490251,1008.4610914472858,203.02174303694443,2026-06-23 17:45:21.000000
STARLINK-2469,48128,0,unknown,2026-06-23T17:45:22,105042.85385568783,25.098524960371886,354.7215402619254,1005.7199574000392,203.02174303694443,2026-06-23 17:45:22.000000
STARLINK-2469,48128,0,unknown,2026-06-23T17:45:23,103446.3413003921,25.197248944073067,355.1368076141217,1003.0200042396208,203.02174303694443,2026-06-23 17:45:23.000000
STARLINK-2469,48128,0,unknown,2026-06-23T17:45:24,101836.85077237005,25.29497754476832,355.55495067262706,1000.3615688775932,203.02174303694443,2026-06-23 17:45:24.000000
STARLINK-2469,48128,0,unknown,2026-06-23T17:45:25,100214.4479008428,25.39167865127581,355.975956650906,997.7449866057938,203.02174303694443,2026-06-23 17:45:25.000000
STARLINK-2469,48128,0,unknown,2026-06-23T17:45:26,98579.20462412028,25.487319936814107,356.3998113803631,995.1705909360932,203.02174303694443,2026-06-23 17:45:26.000000
STARLINK-2469,48128,0,unknown,2026-06-23T17:45:27,96931.19928548236,25.581868880992133,356.826499283314,992.638713432845,203.02174303694443,2026-06-23 17:45:27.000000
STARLINK-2469,48128,0,unknown,2026-06-23T17:45:28,95270.51672806824,25.675292792541917,357.2560033458489,990.1496835494236,203.02174303694443,2026-06-23 17:45:28.000000
STARLINK-2469,48128,0,unknown,2026-06-23T17:45:29,93597.24837905105,25.767558833345035,357.68830509312147,987.7038284538492,203.02174303694443,2026-06-23 17:45:29.000000
STARLINK-2469,48128,0,unknown,2026-06-23T17:45:30,91911.4923352293,25.85863404304289,358.1233845639329,985.3014728625138,203.02174303694443,2026-06-23 17:45:30.000000
STARLINK-2469,48128,0,unknown,2026-06-23T17:45:31,90213.35343631828,25.948485364966924,358.56122028816986,982.9429388619948,203.02174303694443,2026-06-23 17:45:31.000000
STARLINK-2469,48128,0,unknown,2026-06-23T17:45:32,88502.94333745609,26.03707967268162,359.0017892641048,980.6285457375452,203.02174303694443,2026-06-23 17:45:32.000000
STARLINK-2469,48128,0,unknown,2026-06-23T17:45:33,86780.38057012526,26.12438379776125,359.4450669384046,978.3586097915122,203.02174303694443,2026-06-23 17:45:33.000000
STARLINK-2469,48128,0,unknown,2026-06-23T17:45:34,85045.79060142986,26.21036455815092,359.8910271862481,976.133444168215,203.02174303694443,2026-06-23 17:45:34.000000
STARLINK-2469,48128,0,unknown,2026-06-23T17:45:35,83299.30588186956,26.29498878763644,0.3396422941363641,973.9533586711136,203.02174303694443,2026-06-23 17:45:35.000000
STARLINK-2469,48128,0,unknown,2026-06-23T17:45:36,81541.06588842752,26.378223366011795,0.7908829436532341,971.8186595823051,203.02174303694443,2026-06-23 17:45:36.000000
STARLINK-2469,48128,0,unknown,2026-06-23T17:45:37,79771.21715936872,26.46003525006857,1.2447181971077763,969.7296494805069,203.02174303694443,2026-06-23 17:45:37.000000
STARLINK-2469,48128,0,unknown,2026-06-23T17:45:38,77989.91331998288,26.54039150539545,1.701115485283257,967.6866270569468,203.02174303694443,2026-06-23 17:45:38.000000
STARLINK-2469,48128,0,unknown,2026-06-23T17:45:39,76197.31510197482,26.619259338835548,2.1600405966312874,965.6898869323696,203.02174303694443,2026-06-23 17:45:39.000000
STARLINK-2469,48128,0,unknown,2026-06-23T17:45:40,74393.5903520873,26.69660613167984,2.621457669028359,963.7397194720476,203.02174303694443,2026-06-23 17:45:40.000000
STARLINK-2469,48128,0,unknown,2026-06-23T17:45:41,72578.91403424743,26.772399473410832,3.085329183053521,961.836410602644,203.02174303694443,2026-06-23 17:45:41.000000
STARLINK-2469,48128,0,unknown,2026-06-23T17:45:42,70753.4682192875,26.846607196159468,3.5516159583171905,959.9802416256418,203.02174303694443,2026-06-23 17:45:42.000000
STARLINK-2469,48128,0,unknown,2026-06-23T17:45:43,68917.44207044678,26.919197409463877,4.020277150762773,958.1714890365672,203.02174303694443,2026-06-23 17:45:43.000000
STARLINK-2469,48128,0,unknown,2026-06-23T17:45:44,67071.03181465187,26.99013853569513,4.491270253536332,956.410424339448,203.02174303694443,2026-06-23 17:45:44.000000
STARLINK-2469,48128,0,unknown,2026-06-23T17:45:45,65214.44070611134,27.059399345766145,4.964551099749256,954.697313865026,203.02174303694443,2026-06-23 17:45:45.000000
STARLINK-2469,48128,0,unknown,2026-06-23T17:45:46,63347.87898058534,27.12694899519496,5.440073867625133,953.0324185893718,203.02174303694443,2026-06-23 17:45:46.000000
STARLINK-2469,48128,0,unknown,2026-06-23T17:45:47,61471.56379763189,27.192757060465784,5.91779108869629,951.4159939528256,203.02174303694443,2026-06-23 17:45:47.000000
STARLINK-2469,48128,0,unknown,2026-06-23T17:45:48,59585.71917673956,27.25679357544471,6.397653657594683,949.8482896838384,203.02174303694443,2026-06-23 17:45:48.000000
STARLINK-2469,48128,0,unknown,2026-06-23T17:45:49,57690.575917206734,27.31902906813466,6.879610846048541,948.329549619107,203.02174303694443,2026-06-23 17:45:49.000000
STARLINK-2469,48128,0,unknown,2026-06-23T17:45:50,55786.371514423416,27.37943459720133,7.3636103178601084,946.8600115321868,203.02174303694443,2026-06-23 17:45:50.000000
STARLINK-2469,48128,0,unknown,2026-06-23T17:45:51,53873.35006005878,27.437981788669752,7.849598148099275,945.4399069592592,203.02174303694443,2026-06-23 17:45:51.000000
STARLINK-2469,48128,0,unknown,2026-06-23T17:45:52,51951.76213633841,27.49464287234708,8.33751884393523,944.069461030997,203.02174303694443,2026-06-23 17:45:52.000000
STARLINK-2469,48128,0,unknown,2026-06-23T17:45:53,50021.86469209129,27.549390718238502,8.827315370237375,942.7488923024312,203.02174303694443,2026-06-23 17:45:53.000000
STARLINK-2469,48128,0,unknown,2026-06-23T17:45:54,48083.92092353555,27.60219887226056,9.31892917417833,941.4784125957142,203.02174303694443,2026-06-23 17:45:54.000000
STARLINK-2469,48128,0,unknown,2026-06-23T17:45:55,46138.20012869461,27.65304159200728,9.812300216709977,940.258226835686,203.02174303694443,2026-06-23 17:45:55.000000
STARLINK-2469,48128,0,unknown,2026-06-23T17:45:56,44184.97755946923,27.701893881811863,10.307367004855555,939.0885328947268,203.02174303694443,2026-06-23 17:45:56.000000
STARLINK-2469,48128,0,unknown,2026-06-23T17:45:57,42224.5342635961,27.74873152725055,10.8040666268,937.9695214414688,203.02174303694443,2026-06-23 17:45:57.000000
STARLINK-2469,48128,0,unknown,2026-06-23T17:45:58,40257.156913644016,27.79353112908097,11.302334790530152,936.9013757915249,203.02174303694443,2026-06-23 17:45:58.000000
STARLINK-2469,48128,0,unknown,2026-06-23T17:45:59,38283.13762928382,27.836270136344528,11.8021058644276,935.8842717650951,203.02174303694443,2026-06-23 17:45:59.000000
STARLINK-2469,48128,0,unknown,2026-06-23T17:46:00,36302.77378738237,27.876926878693855,12.303312921222146,934.9183775478162,203.02174303694443,2026-06-23 17:46:00.000000
STARLINK-2469,48128,0,unknown,2026-06-23T17:46:01,34316.36782461924,27.915480597763192,12.805887784125463,934.0038535575572,203.02174303694443,2026-06-23 17:46:01.000000
STARLINK-2469,48128,0,unknown,2026-06-23T17:46:02,32324.22702994021,27.95191147756455,13.309761075833173,933.1408523156535,203.02174303694443,2026-06-23 17:46:02.000000
STARLINK-2469,48128,0,unknown,2026-06-23T17:46:03,30326.66332716767,27.98620067376818,13.814862270286236,932.3295183241436,203.02174303694443,2026-06-23 17:46:03.000000
STARLINK-2469,48128,0,unknown,2026-06-23T17:46:04,28323.993051872912,28.018330341810305,14.32111974621629,931.5699879485848,203.02174303694443,2026-06-23 17:46:04.000000
STARLINK-2469,48128,0,unknown,2026-06-23T17:46:05,26316.536717439158,28.0482836637368,14.828460843680078,930.862389306982,203.02174303694443,2026-06-23 17:46:05.000000
STARLINK-2469,48128,0,unknown,2026-06-23T17:46:06,24304.618774919734,28.07604487371841,15.336811922478708,930.2068421645606,203.02174303694443,2026-06-23 17:46:06.000000
STARLINK-2469,48128,0,unknown,2026-06-23T17:46:07,22288.567362989656,28.10159928216216,15.846098423343372,929.6034578347516,203.02174303694443,2026-06-23 17:46:07.000000
STARLINK-2469,48128,0,unknown,2026-06-23T17:46:08,20268.71405550239,28.124933298296284,16.3562449300182,929.0523390875746,203.02174303694443,2026-06-23 17:46:08.000000
STARLINK-2469,48128,0,unknown,2026-06-23T17:46:09,18245.39359514397,28.146034451272246,16.86717523510006,928.5535800631376,203.02174303694443,2026-06-23 17:46:09.000000
STARLINK-2469,48128,0,unknown,2026-06-23T17:46:10,16218.94363062756,28.164891409562465,17.378812405253633,928.1072661940092,203.02174303694443,2026-06-23 17:46:10.000000
STARLINK-2469,48128,0,unknown,2026-06-23T17:46:11,14189.7044390123,28.18149399875685,17.8910788503965,927.7134741327728,203.02174303694443,2026-06-23 17:46:11.000000
STARLINK-2469,48128,0,unknown,2026-06-23T17:46:12,12158.01864802126,28.19583321757834,18.403896393105548,927.3722716879004,203.02174303694443,2026-06-23 17:46:12.000000
STARLINK-2469,48128,0,unknown,2026-06-23T17:46:13,10124.230953233942,28.20790125214071,18.91718633952212,927.0837177663786,203.02174303694443,2026-06-23 17:46:13.000000
STARLINK-2469,48128,0,unknown,2026-06-23T17:46:14,8088.687829621927,28.217691488361567,19.43086955184005,926.8478623240125,203.02174303694443,2026-06-23 17:46:14.000000
STARLINK-2469,48128,0,unknown,2026-06-23T17:46:15,6051.737240531492,28.225198522529865,19.94486652160582,926.6647463228464,203.02174303694443,2026-06-23 17:46:15.000000
STARLINK-2469,48128,0,unknown,2026-06-23T17:46:16,4013.7283450564455,28.23041816993975,20.459097443531174,926.534401696834,203.02174303694443,2026-06-23 17:46:16.000000
STARLINK-2469,48128,0,unknown,2026-06-23T17:46:17,1975.0111989965876,28.23334747164285,20.973482291042156,926.4568513242214,203.02174303694443,2026-06-23 17:46:17.000000
STARLINK-2469,48128,0,unknown,2026-06-23T17:46:18,-64.063540182751,28.233984699206506,21.487940890873723,926.432109008539,203.02174303694443,2026-06-23 17:46:18.000000
STARLINK-2469,48128,0,unknown,2026-06-23T17:46:19,-2103.144915988318,28.23232935753493,22.002392999634644,926.46017946674,203.02174303694443,2026-06-23 17:46:19.000000
STARLINK-2469,48128,0,unknown,2026-06-23T17:46:20,-4141.881970554401,28.228382185707737,22.51675837912935,926.5410583253648,203.02174303694443,2026-06-23 17:46:20.000000
STARLINK-2469,48128,0,unknown,2026-06-23T17:46:21,-6179.924043814764,28.222145155848324,23.030956872048307,926.6747321242824,203.02174303694443,2026-06-23 17:46:21.000000
STARLINK-2469,48128,0,unknown,2026-06-23T17:46:22,-8216.921076485012,28.21362147000158,23.54490847857714,926.861178328586,203.02174303694443,2026-06-23 17:46:22.000000
STARLINK-2469,48128,0,unknown,2026-06-23T17:46:23,-10252.523905042264,28.20281555507321,24.05853343092313,927.1003653477449,203.02174303694443,2026-06-23 17:46:23.000000
STARLINK-2469,48128,0,unknown,2026-06-23T17:46:24,-12286.384559730364,28.18973305580664,24.571752268508376,927.3922525627196,203.02174303694443,2026-06-23 17:46:24.000000
STARLINK-2469,48128,0,unknown,2026-06-23T17:46:25,-14318.156556609994,28.174380825848694,25.08448591153092,927.7367903605503,203.02174303694443,2026-06-23 17:46:25.000000
STARLINK-2469,48128,0,unknown,2026-06-23T17:46:26,-16347.495192088463,28.156766916887342,25.59665573501039,928.133920177067,203.02174303694443,2026-06-23 17:46:26.000000
STARLINK-2469,48128,0,unknown,2026-06-23T17:46:27,-18374.057827810324,28.13690056596549,26.108183640223924,928.5835745464248,203.02174303694443,2026-06-23 17:46:27.000000
STARLINK-2469,48128,0,unknown,2026-06-23T17:46:28,-20397.504172605702,28.11479218098249,26.618992125208752,929.0856771577126,203.02174303694443,2026-06-23 17:46:28.000000
STARLINK-2469,48128,0,unknown,2026-06-23T17:46:29,-22417.49656667224,28.09045332433042,27.129004355603293,929.6401429208256,203.02174303694443,2026-06-23 17:46:29.000000
STARLINK-2469,48128,0,unknown,2026-06-23T17:46:30,-24433.7002492698,28.063896694946827,27.63814423110553,930.2468780363632,203.02174303694443,2026-06-23 17:46:30.000000
STARLINK-2469,48128,0,unknown,2026-06-23T17:46:31,-26445.783631916514,28.03513610855023,28.14633645305155,930.9057800758314,203.02174303694443,2026-06-23 17:46:31.000000
STARLINK-2469,48128,0,unknown,2026-06-23T17:46:32,-28453.418557129597,28.004186476368837,28.653506588078237,931.6167380663892,203.02174303694443,2026-06-23 17:46:32.000000
STARLINK-2469,48128,0,unknown,2026-06-23T17:46:33,-30456.280553695204,27.971063782311195,29.15958113064466,932.3796325825276,203.02174303694443,2026-06-23 17:46:33.000000
STARLINK-2469,48128,0,unknown,2026-06-23T17:46:34,-32454.04908754352,27.935785058586028,29.664487564127477,933.1943358461352,203.02174303694443,2026-06-23 17:46:34.000000
STARLINK-2469,48128,0,unknown,2026-06-23T17:46:35,-34446.40780067033,27.8983683600054,30.168154418613675,934.0607118307776,203.02174303694443,2026-06-23 17:46:35.000000
STARLINK-2469,48128,0,unknown,2026-06-23T17:46:36,-36433.04474362195,27.858832736947534,30.670511326763556,934.978616372454,203.02174303694443,2026-06-23 17:46:36.000000
STARLINK-2469,48128,0,unknown,2026-06-23T17:46:37,-38413.65260220756,27.817198207013902,31.17148907789912,935.9478972876776,203.02174303694443,2026-06-23 17:46:37.000000
STARLINK-2469,48128,0,unknown,2026-06-23T17:46:38,-40387.92891197949,27.773485725587268,31.671019668692864,936.9683944956232,203.02174303694443,2026-06-23 17:46:38.000000
STARLINK-2469,48128,0,unknown,2026-06-23T17:46:39,-42355.57626687071,27.72771715526101,32.169036352083765,938.039940146876,203.02174303694443,2026-06-23 17:46:39.000000
STARLINK-2469,48128,0,unknown,2026-06-23T17:46:40,-44316.30251715716,27.679915234284422,32.665473683179826,939.162358757165,203.02174303694443,2026-06-23 17:46:40.000000
STARLINK-2469,48128,0,unknown,2026-06-23T17:46:41,-46269.82095733859,27.63010354413378,33.16026756232925,940.33546734529,203.02174303694443,2026-06-23 17:46:41.000000
STARLINK-2469,48128,0,unknown,2026-06-23T17:46:42,-48215.85050584868,27.578306476222643,33.65335527583795,941.5590755766896,203.02174303694443,2026-06-23 17:46:42.000000
STARLINK-2469,48128,0,unknown,2026-06-23T17:46:43,-50154.11587435435,27.524549197884134,34.144675533770936,942.8329859115,203.02174303694443,2026-06-23 17:46:43.000000
STARLINK-2469,48128,0,unknown,2026-06-23T17:46:44,-52084.34772810889,27.468857617696344,34.634168505246215,944.1569937572032,203.02174303694443,2026-06-23 17:46:44.000000
STARLINK-2469,48128,0,unknown,2026-06-23T17:46:45,-54006.282834078826,27.41125835029649,35.12177585037808,945.5308876243358,203.02174303694443,2026-06-23 17:46:45.000000
STARLINK-2469,48128,0,unknown,2026-06-23T17:46:46,-55919.6641986247,27.351778680765864,35.60744074936865,946.9544492850098,203.02174303694443,2026-06-23 17:46:46.000000
STARLINK-2469,48128,0,unknown,2026-06-23T17:46:47,-57824.24119826699,27.290446528503058,36.09110792961533,948.4274539382604,203.02174303694443,2026-06-23 17:46:47.000000
STARLINK-2469,48128,0,unknown,2026-06-23T17:46:48,-59719.7696979231,27.2272904109047,36.57272368949439,949.9496703762547,203.02174303694443,2026-06-23 17:46:48.000000
STARLINK-2469,48128,0,unknown,2026-06-23T17:46:49,-61606.0121572061,27.16233940686805,37.05223591892972,951.5208611528612,203.02174303694443,2026-06-23 17:46:49.000000
STARLINK-2469,48128,0,unknown,2026-06-23T17:46:50,-63482.73772783821,27.095623120155217,37.52959411759372,953.1407827554266,203.02174303694443,2026-06-23 17:46:50.000000
STARLINK-2469,48128,0,unknown,2026-06-23T17:46:51,-65349.72234239349,27.02717164263878,38.00474941078125,954.8091857808712,203.02174303694443,2026-06-23 17:46:51.000000
STARLINK-2469,48128,0,unknown,2026-06-23T17:46:52,-67206.74878906869,26.957015517732557,38.47765456166008,956.5258151105736,203.02174303694443,2026-06-23 17:46:52.000000
STARLINK-2469,48128,0,unknown,2026-06-23T17:46:53,-69053.60678067895,26.885185703778696,38.94826398199599,958.2904100911336,203.02174303694443,2026-06-23 17:46:53.000000
STARLINK-2469,48128,0,unknown,2026-06-23T17:46:54,-70890.09300783472,26.81171353784749,39.41653373882394,960.1027047114832,203.02174303694443,2026-06-23 17:46:54.000000
STARLINK-2469,48128,0,unknown,2026-06-23T17:46:55,-72716.0111879226,26.73663069960146,39.88242156006606,961.9624277863344,203.02174303694443,2026-06-23 17:46:55.000000
STARLINK-2469,48128,0,unknown,2026-06-23T17:46:56,-74531.17210028134,26.659969175607173,40.345886836619286,963.8693031380552,203.02174303694443,2026-06-23 17:46:56.000000
STARLINK-2469,48128,0,unknown,2026-06-23T17:46:57,-76335.39361442064,26.581761224001088,40.80689062277952,965.8230497806364,203.02174303694443,2026-06-23 17:46:57.000000
STARLINK-2469,48128,0,unknown,2026-06-23T17:46:58,-78128.50070510588,26.502039339732683,41.26539563335381,967.823382101426,203.02174303694443,2026-06-23 17:46:58.000000
STARLINK-2469,48128,0,unknown,2026-06-23T17:46:59,-79910.32546284293,26.420836220153006,41.72136623972466,969.8700100478086,203.02174303694443,2026-06-23 17:46:59.000000
STARLINK-2469,48128,0,unknown,2026-06-23T17:47:00,-81680.70709185736,26.338184731331307,42.17476846285138,971.9626393103148,203.02174303694443,2026-06-23 17:47:00.000000
STARLINK-2469,48128,0,unknown,2026-06-23T17:47:01,-83439.49190049522,26.2541178749561,42.62556996449631,974.1009715067544,203.02174303694443,2026-06-23 17:47:01.000000
STARLINK-2469,48128,0,unknown,2026-06-23T17:47:02,-85186.53328319843,26.16866875590707,43.07374003647314,976.284704366412,203.02174303694443,2026-06-23 17:47:02.000000
STARLINK-2469,48128,0,unknown,2026-06-23T17:47:03,-86921.69169365072,26.08187055058186,43.519249587841216,978.5135319129288,203.02174303694443,2026-06-23 17:47:03.000000
STARLINK-2469,48128,0,unknown,2026-06-23T17:47:04,-88644.83461027514,25.993756475985432,43.9620711303788,980.7871446465,203.02174303694443,2026-06-23 17:47:04.000000
STARLINK-2469,48128,0,unknown,2026-06-23T17:47:05,-90355.83649378698,25.90435975962233,44.402178762251694,983.1052297252188,203.02174303694443,2026-06-23 17:47:05.000000
STARLINK-2469,48128,0,unknown,2026-06-23T17:47:06,-92054.57873853076,25.81371361017845,44.8395481503672,985.4674711465304,203.02174303694443,2026-06-23 17:47:06.000000
STARLINK-2469,48128,0,unknown,2026-06-23T17:47:07,-93740.9496146088,25.72185118917152,45.27415651063736,987.8735499247126,203.02174303694443,2026-06-23 17:47:07.000000
STARLINK-2469,48128,0,unknown,2026-06-23T17:47:08,-95414.84420477976,25.62880558344264,45.70598258722247,990.3231442682836,203.02174303694443,2026-06-23 17:47:08.000000
STARLINK-2469,48128,0,unknown,2026-06-23T17:47:09,-97076.16433465712,25.53460977853794,46.13500663032789,992.815929756434,203.02174303694443,2026-06-23 17:47:09.000000
STARLINK-2469,48128,0,unknown,2026-06-23T17:47:10,-98724.8184964813,25.439296633083885,46.56121037271336,995.3515795121438,203.02174303694443,2026-06-23 17:47:10.000000
STARLINK-2469,48128,0,unknown,2026-06-23T17:47:11,-100360.72176691424,25.34289885410904,46.98457700498077,997.9297643735404,203.02174303694443,2026-06-23 17:47:11.000000
STARLINK-2469,48128,0,unknown,2026-06-23T17:47:12,-101983.79571964809,25.245448973317245,47.40509114987548,1000.5501530634168,203.02174303694443,2026-06-23 17:47:12.000000
STARLINK-2469,48128,0,unknown,2026-06-23T17:47:13,-103593.9683334131,25.14697932431553,47.82273883576556,1003.2124123572148,203.02174303694443,2026-06-23 17:47:13.000000
STARLINK-2469,48128,0,unknown,2026-06-23T17:47:14,-105191.17389281683,25.04752202095864,48.23750746862028,1005.9162072448812,203.02174303694443,2026-06-23 17:47:14.000000
STARLINK-2469,48128,0,unknown,2026-06-23T17:47:15,-106775.35288969082,24.94710893639276,48.64938580450893,1008.6612010981316,203.02174303694443,2026-06-23 17:47:15.000000
STARLINK-2469,48128,0,unknown,2026-06-23T17:47:16,-108346.45191366714,24.84577168346611,49.05836391964763,1011.4470558247868,203.02174303694443,2026-06-23 17:47:16.000000
STARLINK-2469,48128,0,unknown,2026-06-23T17:47:17,-109904.42354325792,24.743541595911555,49.46443318099904,1014.2734320261812,203.02174303694443,2026-06-23 17:47:17.000000
STARLINK-2469,48128,0,unknown,2026-06-23T17:47:18,-111449.22623336148,24.640449710445697,49.86758621625313,1017.1399891537156,203.02174303694443,2026-06-23 17:47:18.000000
STARLINK-2469,48128,0,unknown,2026-06-23T17:47:19,-112980.82419786022,24.53652675002511,50.267816882973946,1020.0463856574796,203.02174303694443,2026-06-23 17:47:19.000000
STARLINK-2469,48128,0,unknown,2026-06-23T17:47:20,-114499.18728864606,24.43180310807616,50.66512023713296,1022.99227913185,203.02174303694443,2026-06-23 17:47:20.000000
STARLINK-2469,48128,0,unknown,2026-06-23T17:47:21,-116004.29087579036,24.326308833446408,51.05949250232877,1025.977326464522,203.02174303694443,2026-06-23 17:47:21.000000
STARLINK-2469,48128,0,unknown,2026-06-23T17:47:22,-117496.11572097652,24.220073616610566,51.45093103760855,1029.0011839739268,203.02174303694443,2026-06-23 17:47:22.000000
STARLINK-2469,48128,0,unknown,2026-06-23T17:47:23,-118974.64785168604,24.113126776611274,51.83943430582976,1032.063507549021,203.02174303694443,2026-06-23 17:47:23.000000
STARLINK-2469,48128,0,unknown,2026-06-23T17:47:24,-120439.87843273682,24.0054972489738,52.22500184166801,1035.1639527842055,203.02174303694443,2026-06-23 17:47:24.000000
STARLINK-2469,48128,0,unknown,2026-06-23T17:47:25,-121891.80363659072,23.8972135745308,52.607634219665485,1038.3021751107692,203.02174303694443,2026-06-23 17:47:25.000000
STARLINK-2469,48128,0,unknown,2026-06-23T17:47:26,-123330.42451075872,23.788303889238644,52.987333021820966,1041.477829921795,203.02174303694443,2026-06-23 17:47:26.000000
STARLINK-2469,48128,0,unknown,2026-06-23T17:47:27,-124755.74684762576,23.67879591459623,53.36410080612304,1044.6905727012677,203.02174303694443,2026-06-23 17:47:27.000000
STARLINK-2469,48128,0,unknown,2026-06-23T17:47:28,-126167.78105051669,23.568716949157963,53.73794107442219,1047.940059142533,203.02174303694443,2026-06-23 17:47:28.000000
STARLINK-2469,48128,0,unknown,2026-06-23T17:47:29,-127566.54200079029,23.458093860728336,54.10885824083795,1051.2259452673302,203.02174303694443,2026-06-23 17:47:29.000000
STARLINK-2469,48128,0,unknown,2026-06-23T17:47:30,-128952.04892374274,23.3469530794557,54.47685760015493,1054.5478875385618,203.02174303694443,2026-06-23 17:47:30.000000
STARLINK-2469,48128,0,unknown,2026-06-23T17:47:31,-130324.3252547954,23.23532059163972,54.841945296518425,1057.9055429713187,203.02174303694443,2026-06-23 17:47:31.000000
STARLINK-2469,48128,0,unknown,2026-06-23T17:47:32,-131683.39850783444,23.12322193417673,55.20412829300556,1061.298569243971,203.02174303694443,2026-06-23 17:47:32.000000
STARLINK-2469,48128,0,unknown,2026-06-23T17:47:33,-133029.3001385526,23.01068219012002,55.563414340043984,1064.7266247941964,203.02174303694443,2026-06-23 17:47:33.000000
STARLINK-2469,48128,0,unknown,2026-06-23T17:47:34,-134362.06541499743,22.89772598443077,55.9198119460048,1068.1893689269175,203.02174303694443,2026-06-23 17:47:34.000000
STARLINK-2469,48128,0,unknown,2026-06-23T17:47:35,-135681.7332843071,22.784377480759453,56.2733303469653,1071.6864619083,203.02174303694443,2026-06-23 17:47:35.000000
STARLINK-2469,48128,0,unknown,2026-06-23T17:47:36,-136988.34624145098,22.6706603788003,56.623979477203456,1075.2175650586016,203.02174303694443,2026-06-23 17:47:36.000000
STARLINK-2469,48128,0,unknown,2026-06-23T17:47:37,-138281.95019975997,22.556597912202573,56.97176994033795,1078.7823408439706,203.02174303694443,2026-06-23 17:47:37.000000
STARLINK-2469,48128,0,unknown,2026-06-23T17:47:38,-139562.59436160332,22.442212847166804,57.31671298065661,1082.3804529621848,203.02174303694443,2026-06-23 17:47:38.000000
STARLINK-2469,48128,0,unknown,2026-06-23T17:47:39,-140830.33109104668,22.32752748158385,57.65882045514294,1086.0115664261582,203.02174303694443,2026-06-23 17:47:39.000000
STARLINK-2469,48128,0,unknown,2026-06-23T17:47:40,-142085.21578795256,22.21256364468041,57.99810480596513,1089.675347645606,203.02174303694443,2026-06-23 17:47:40.000000
STARLINK-2469,48128,0,unknown,2026-06-23T17:47:41,-143327.3067631341,22.09734269729037,58.33457903341746,1093.3714645022244,203.02174303694443,2026-06-23 17:47:41.000000
STARLINK-2469,48128,0,unknown,2026-06-23T17:47:42,-144556.6651162394,21.98188553248346,58.668256669640094,1097.099586426319,203.02174303694443,2026-06-23 17:47:42.000000
STARLINK-2469,48128,0,unknown,2026-06-23T17:47:43,-145773.35461268964,21.866212576954883,58.999151752190286,1100.8593844610357,203.02174303694443,2026-06-23 17:47:43.000000
STARLINK-2469,48128,0,unknown,2026-06-23T17:47:44,-146977.4415673462,21.75034379239272,59.32727879948136,1104.6505313388116,203.02174303694443,2026-06-23 17:47:44.000000
STARLINK-2469,48128,0,unknown,2026-06-23T17:47:45,-148168.99472515265,21.63429867775887,59.652652785468206,1108.4727015390597,203.02174303694443,2026-06-23 17:47:45.000000
STARLINK-2469,48128,0,unknown,2026-06-23T17:47:46,-149348.0851467959,21.518096271675155,59.97528911570771,1112.3255713524964,203.02174303694443,2026-06-23 17:47:46.000000
STARLINK-2469,48128,0,unknown,2026-06-23T17:47:47,-150514.78609562782,21.401755155274238,60.295203603790334,1116.2088189398276,203.02174303694443,2026-06-23 17:47:47.000000
STARLINK-2469,48128,0,unknown,2026-06-23T17:47:48,-151669.17292642963,21.28529345546476,60.6124124483032,1120.1221243857017,203.02174303694443,2026-06-23 17:47:48.000000
STARLINK-2469,48128,0,unknown,2026-06-23T17:47:49,-152811.3229763116,21.16872884849594,60.926932210314746,1124.0651697509363,203.02174303694443,2026-06-23 17:47:49.000000
STARLINK-2469,48128,0,unknown,2026-06-23T17:47:50,-153941.31546003188,21.05207856366755,61.23877979211102,1128.0376391277352,203.02174303694443,2026-06-23 17:47:50.000000
STARLINK-2469,48128,0,unknown,2026-06-23T17:47:51,-155059.2313636729,20.935359387703222,61.547972415405646,1132.039218679743,203.02174303694443,2026-06-23 17:47:51.000000
STARLINK-2469,48128,0,unknown,2026-06-23T17:47:52,-156165.15334421775,20.818587669050945,61.8545276011483,1136.069596691047,203.02174303694443,2026-06-23 17:47:52.000000
STARLINK-2469,48128,0,unknown,2026-06-23T17:47:53,-157259.1656298576,20.70177932259607,62.15846314946795,1140.1284636072523,203.02174303694443,2026-06-23 17:47:53.000000
STARLINK-2469,48128,0,unknown,2026-06-23T17:47:54,-158341.35392293008,20.58494983459645,62.45979712028914,1144.2155120744585,203.02174303694443,2026-06-23 17:47:54.000000
STARLINK-2469,48128,0,unknown,2026-06-23T17:47:55,-159411.80530555348,20.468114267786596,62.75854781459765,1148.330436977278,203.02174303694443,2026-06-23 17:47:55.000000
STARLINK-2469,48128,0,unknown,2026-06-23T17:47:56,-160470.6081472239,20.351287266744905,63.05473375618002,1152.4729354722856,203.02174303694443,2026-06-23 17:47:56.000000
STARLINK-2469,48128,0,unknown,2026-06-23T17:47:57,-161517.8520149517,20.23448306343265,63.34837367397358,1156.6427070193429,203.02174303694443,2026-06-23 17:47:57.000000
STARLINK-2469,48128,0,unknown,2026-06-23T17:47:58,-162553.6275866089,20.117715482798747,63.63948648519242,1160.8394534141034,203.02174303694443,2026-06-23 17:47:58.000000
STARLINK-2469,48128,0,unknown,2026-06-23T17:47:59,-163578.02656594905,20.0009979486266,63.92809127882015,1165.062878815083,203.02174303694443,2026-06-23 17:47:59.000000
STARLINK-2469,48128,0,unknown,2026-06-23T17:48:00,-164591.14159920576,19.884343489607,64.21420729941241,1169.312689765058,203.02174303694443,2026-06-23 17:48:00.000000
STARLINK-2469,48128,0,unknown,2026-06-23T17:48:01,-165593.06619668787,19.767764745251565,64.49785393219526,1173.5885952204244,203.02174303694443,2026-06-23 17:48:01.000000
STARLINK-2469,48128,0,unknown,2026-06-23T17:48:02,-166583.89465410376,19.651273972177343,64.77905068790498,1177.890306568911,203.02174303694443,2026-06-23 17:48:02.000000
STARLINK-2469,48128,0,unknown,2026-06-23T17:48:03,-167563.7219781015,19.53488305033316,65.0578171887493,1182.2175376506202,203.02174303694443,2026-06-23 17:48:03.000000
STARLINK-2469,48128,0,unknown,2026-06-23T17:48:04,-168532.64381289145,19.41860348938576,65.33417315444242,1186.5700047742775,203.02174303694443,2026-06-23 17:48:04.000000
STARLINK-2469,48128,0,unknown,2026-06-23T17:48:05,-169490.75636983474,19.30244643516691,65.60813838900799,1190.9474267316416,203.02174303694443,2026-06-23 17:48:05.000000
STARLINK-2469,48128,0,unknown,2026-06-23T17:48:06,-170438.156360097,19.18642267602075,65.87973276822288,1195.3495248159393,203.02174303694443,2026-06-23 17:48:06.000000
STARLINK-2469,48128,0,unknown,2026-06-23T17:48:07,-171374.94092797232,19.070542649453564,66.14897622716376,1199.7760228288316,203.02174303694443,2026-06-23 17:48:07.000000
STARLINK-2469,48128,0,unknown,2026-06-23T17:48:08,-172301.20758761402,18.954816448617677,66.41588874848651,1204.2266470931474,203.02174303694443,2026-06-23 17:48:08.000000
STARLINK-2469,48128,0,unknown,2026-06-23T17:48:09,-173217.05416203238,18.83925382886345,66.68049035124946,1208.7011264622713,203.02174303694443,2026-06-23 17:48:09.000000
STARLINK-2469,48128,0,unknown,2026-06-23T17:48:10,-174122.5787238519,18.723864214331304,66.94280108003639,1213.199192326962,203.02174303694443,2026-06-23 17:48:10.000000
STARLINK-2469,48128,0,unknown,2026-06-23T17:48:11,-175017.87953776296,18.608656704613725,67.20284099439564,1217.7205786180843,203.02174303694443,2026-06-23 17:48:11.000000
STARLINK-2469,48128,0,unknown,2026-06-23T17:48:12,-175903.05500728037,18.493640081137684,67.46063015935411,1222.265021818624,203.02174303694443,2026-06-23 17:48:12.000000
STARLINK-2469,48128,0,unknown,2026-06-23T17:48:13,-176778.2036196168,18.378822814053063,67.7161886352087,1226.8322609539691,203.02174303694443,2026-06-23 17:48:13.000000
STARLINK-2469,48128,0,unknown,2026-06-23T17:48:14,-177643.4238974097,18.26421306846208,67.96953646910782,1231.4220376060384,203.02174303694443,2026-06-23 17:48:14.000000
STARLINK-2469,48128,0,unknown,2026-06-23T17:48:15,-178498.81434920043,18.14981871106072,68.2206936861123,1236.0340959089028,203.02174303694443,2026-06-23 17:48:15.000000
STARLINK-2469,48128,0,unknown,2026-06-23T17:48:16,-179344.4734222218,18.03564731670701,68.46968028074325,1240.6681825445366,203.02174303694443,2026-06-23 17:48:16.000000
STARLINK-2469,48128,0,unknown,2026-06-23T17:48:17,-180180.49945844788,17.921706174756842,68.71651620928549,1245.3240467452897,203.02174303694443,2026-06-23 17:48:17.000000
STARLINK-2469,48128,0,unknown,2026-06-23T17:48:18,-181006.9906511514,17.808002295560474,68.96122138208341,1250.0014402868558,203.02174303694443,2026-06-23 17:48:18.000000
STARLINK-2469,48128,0,unknown,2026-06-23T17:48:19,-181824.04500464877,17.694542416707446,69.20381565656967,1254.7001174883806,203.02174303694443,2026-06-23 17:48:19.000000
STARLINK-2469,48128,0,unknown,2026-06-23T17:48:20,-182631.7602942799,17.58133300943637,69.44431883018812,1259.4198352025558,203.02174303694443,2026-06-23 17:48:20.000000
STARLINK-2469,48128,0,unknown,2026-06-23T17:48:21,-183430.23402941885,17.46838028483402,69.68275063405945,1264.160352810876,203.02174303694443,2026-06-23 17:48:21.000000
STARLINK-2469,48128,0,unknown,2026-06-23T17:48:22,-184219.56341778292,17.355690199978564,69.91913072679588,1268.921432217738,203.02174303694443,2026-06-23 17:48:22.000000
STARLINK-2469,48128,0,unknown,2026-06-23T17:48:23,-184999.845331272,17.243268464087933,70.15347868865597,1273.7028378404757,203.02174303694443,2026-06-23 17:48:23.000000
STARLINK-2469,48128,0,unknown,2026-06-23T17:48:24,-185771.1762733324,17.13112054457493,70.38581401592927,1278.5043365996455,203.02174303694443,2026-06-23 17:48:24.000000
STARLINK-2469,48128,0,unknown,2026-06-23T17:48:25,-186533.65234870277,17.01925167292872,70.61615611588219,1283.3256979125226,203.02174303694443,2026-06-23 17:48:25.000000
STARLINK-2469,48128,0,unknown,2026-06-23T17:48:26,-187287.36923332055,16.907666850717234,70.84452430157224,1288.1666936776132,203.02174303694443,2026-06-23 17:48:26.000000
STARLINK-2469,48128,0,unknown,2026-06-23T17:48:27,-188032.42214720335,16.796370855293446,71.07093778738687,1293.0270982674683,203.02174303694443,2026-06-23 17:48:27.000000
STARLINK-2469,48128,0,unknown,2026-06-23T17:48:28,-188768.9058273355,16.685368245629736,71.29541568440902,1297.9066885119382,203.02174303694443,2026-06-23 17:48:28.000000
STARLINK-2469,48128,0,unknown,2026-06-23T17:48:29,-189496.91450347667,16.574663367859042,71.51797699652079,1302.805243689735,203.02174303694443,2026-06-23 17:48:29.000000
STARLINK-2469,48128,0,unknown,2026-06-23T17:48:30,-190216.54187460692,16.46426036080263,71.73864061649444,1307.7225455163818,203.02174303694443,2026-06-23 17:48:30.000000
STARLINK-2469,48128,0,unknown,2026-06-23T17:48:31,-190927.88108543237,16.35416316164827,71.95742532198854,1312.658378120915,203.02174303694443,2026-06-23 17:48:31.000000
STARLINK-2469,48128,0,unknown,2026-06-23T17:48:32,-191631.02470690245,16.24437551109775,72.17434977258091,1317.6125280416716,203.02174303694443,2026-06-23 17:48:32.000000
STARLINK-2469,48128,0,unknown,2026-06-23T17:48:33,-192326.06471558692,16.13490095878003,72.38943250628573,1322.584784205803,203.02174303694443,2026-06-23 17:48:33.000000
STARLINK-2469,48128,0,unknown,2026-06-23T17:48:34,-193013.09247536148,16.025742868440172,72.60269193666954,1327.5749379141664,203.02174303694443,2026-06-23 17:48:34.000000
STARLINK-31651,59860,0,unknown,2026-06-23T17:48:40,-196994.38523399047,16.160099619605216,100.91867426648848,1319.960597442396,221.5169792005556,2026-06-23 17:48:40.000000
STARLINK-31651,59860,0,unknown,2026-06-23T17:48:41,-197652.9491895363,16.048707455885072,100.71687480504816,1325.0712965529435,221.5169792005556,2026-06-23 17:48:41.000000
STARLINK-35507,66327,0,unknown,2026-06-23T17:48:47,-153452.7754394679,40.64027660726619,147.68783274718191,711.9120900872431,226.36919408166665,2026-06-23 17:48:47.000000
STARLINK-35507,66327,0,unknown,2026-06-23T17:48:48,-155242.95503738115,40.31893094432627,147.20732239395846,715.9097664821336,226.36919408166665,2026-06-23 17:48:48.000000
STARLINK-35507,66327,0,unknown,2026-06-23T17:48:49,-157003.05134285256,39.99878104519777,146.7367269483967,719.9534182022802,226.36919408166665,2026-06-23 17:48:49.000000
STARLINK-35507,66327,0,unknown,2026-06-23T17:48:50,-158733.4000160702,39.67991711471481,146.2758058865344,724.0422704189347,226.36919408166665,2026-06-23 17:48:50.000000
STARLINK-35507,66327,0,unknown,2026-06-23T17:48:51,-160434.3457842384,39.36242351114604,145.82432339141312,728.1755571118157,226.36919408166665,2026-06-23 17:48:51.000000
STARLINK-35507,66327,0,unknown,2026-06-23T17:48:52,-162106.2415190586,39.04637897955837,145.38204844541792,732.352521301686,226.36919408166665,2026-06-23 17:48:52.000000
STARLINK-35507,66327,0,unknown,2026-06-23T17:48:53,-163749.44734416774,38.73185688286288,144.9487549002999,736.5724152403649,226.36919408166665,2026-06-23 17:48:53.000000
STARLINK-35507,66327,0,unknown,2026-06-23T17:48:54,-165364.32978794078,38.4189254272988,144.52422152316473,740.8345005943568,226.36919408166665,2026-06-23 17:48:54.000000
STARLINK-35507,66327,0,unknown,2026-06-23T17:48:55,-166951.2609702805,38.107647884018576,144.10823202378103,745.1380485960809,226.36919408166665,2026-06-23 17:48:55.000000
STARLINK-35507,66327,0,unknown,2026-06-23T17:48:56,-168510.61782962384,37.79808280512648,143.70057506376003,749.4823401804894,226.36919408166665,2026-06-23 17:48:56.000000
STARLINK-35507,66327,0,unknown,2026-06-23T17:48:57,-170042.78138637118,37.49028423461131,143.30104425034148,753.8666660984135,226.36919408166665,2026-06-23 17:48:57.000000
STARLINK-35507,66327,0,unknown,2026-06-23T17:48:58,-171548.1360449607,37.18430191334635,142.90943811597256,758.2903270156982,226.36919408166665,2026-06-23 17:48:58.000000
STARLINK-35507,66327,0,unknown,2026-06-23T17:48:59,-173027.0689309123,36.88018147860955,142.5255600860817,762.7526335901965,226.36919408166665,2026-06-23 17:48:59.000000
STARLINK-35507,66327,0,unknown,2026-06-23T17:49:00,-174479.96926490273,36.57796465738754,142.14921843590824,767.25290653615,226.36919408166665,2026-06-23 17:49:00.000000
STARLINK-35507,66327,0,unknown,2026-06-23T17:49:01,-175907.22777015218,36.27768945404318,141.78022623839212,771.7904766669637,226.36919408166665,2026-06-23 17:49:01.000000
STARLINK-35507,66327,0,unknown,2026-06-23T17:49:02,-177309.23611606398,35.97939033140663,141.4184013035448,776.3646849303598,226.36919408166665,2026-06-23 17:49:02.000000
STARLINK-35507,66327,0,unknown,2026-06-23T17:49:03,-178686.38639391836,35.683098386009746,141.0635661111596,780.974882425872,226.36919408166665,2026-06-23 17:49:03.000000
STARLINK-35507,66327,0,unknown,2026-06-23T17:49:04,-180039.0706239146,35.3888415173875,140.71554773788048,785.6204304064272,226.36919408166665,2026-06-23 17:49:04.000000
STARLINK-35507,66327,0,unknown,2026-06-23T17:49:05,-181367.6802956428,35.096644590816574,140.37417777873756,790.300700275131,226.36919408166665,2026-06-23 17:49:05.000000
STARLINK-35507,66327,0,unknown,2026-06-23T17:49:06,-182672.6059350008,34.80652959483604,140.03929226550449,795.0150735578735,226.36919408166665,2026-06-23 17:49:06.000000
STARLINK-35507,66327,0,unknown,2026-06-23T17:49:07,-183954.23670582887,34.518515791562244,139.71073158024262,799.7629418850845,226.36919408166665,2026-06-23 17:49:07.000000
STARLINK-35507,66327,0,unknown,2026-06-23T17:49:08,-185212.96003259908,34.23261986266543,139.38834036792773,804.5437069390204,226.36919408166665,2026-06-23 17:49:08.000000
STARLINK-35507,66327,0,unknown,2026-06-23T17:49:09,-186449.1612560478,33.94885604822618,139.07196744543853,809.3567804136436,226.36919408166665,2026-06-23 17:49:09.000000
STARLINK-35507,66327,0,unknown,2026-06-23T17:49:10,-187663.22331068397,33.66723628083563,138.7614657099504,814.2015839513413,226.36919408166665,2026-06-23 17:49:10.000000
STARLINK-35507,66327,0,unknown,2026-06-23T17:49:11,-188855.5264281624,33.38777031385027,138.4566920460502,819.077549076796,226.36919408166665,2026-06-23 17:49:11.000000
STARLINK-35507,66327,0,unknown,2026-06-23T17:49:12,-190026.4478660179,33.11046584391333,138.15750723160932,823.9841171296222,226.36919408166665,2026-06-23 17:49:12.000000
STARLINK-35507,66327,0,unknown,2026-06-23T17:49:13,-191176.36165389276,32.83532862930612,137.86377584483327,828.9207391711416,226.36919408166665,2026-06-23 17:49:13.000000
STARLINK-35507,66327,0,unknown,2026-06-23T17:49:14,-192305.63836840607,32.56236260158697,137.5753661693627,833.8868759132689,226.36919408166665,2026-06-23 17:49:14.000000
STARLINK-35507,66327,0,unknown,2026-06-23T17:49:15,-193414.64492180775,32.29156997374087,137.29215010158185,838.881997615637,226.36919408166665,2026-06-23 17:49:15.000000
STARLINK-35507,66327,0,unknown,2026-06-23T17:49:16,-194503.7443734753,32.02295134276147,137.01400305754055,843.9055839909756,226.36919408166665,2026-06-23 17:49:16.000000
STARLINK-35507,66327,0,unknown,2026-06-23T17:49:17,-195573.2957593829,31.75650578765298,136.74080388083314,848.957124104499,226.36919408166665,2026-06-23 17:49:17.000000
STARLINK-35507,66327,0,unknown,2026-06-23T17:49:18,-196623.65393795015,31.49223096314497,136.47243475182918,854.0361162649914,226.36919408166665,2026-06-23 17:49:18.000000
STARLINK-35507,66327,0,unknown,2026-06-23T17:49:19,-197655.16945413608,31.23012318866504,136.2087810975399,859.142067919584,226.36919408166665,2026-06-23 17:49:19.000000
STARLINK-35507,66327,0,unknown,2026-06-23T17:49:20,-198668.1884168103,30.970177533628974,135.94973150349077,864.2744955352375,226.36919408166665,2026-06-23 17:49:20.000000
STARLINK-35507,66327,0,unknown,2026-06-23T17:49:21,-199663.05239254443,30.71238789829605,135.69517762649895,869.4329244846253,226.36919408166665,2026-06-23 17:49:21.000000
STARLINK-35507,66327,0,unknown,2026-06-23T17:49:22,-200640.09831243876,30.45674709086087,135.44501410930727,874.6168889269134,226.36919408166665,2026-06-23 17:49:22.000000
STARLINK-35507,66327,0,unknown,2026-06-23T17:49:23,-201599.65839229125,30.20324690077271,135.19913849663223,879.8259316866137,226.36919408166665,2026-06-23 17:49:23.000000
STARLINK-35507,66327,0,unknown,2026-06-23T17:49:24,-202542.06006513227,29.951878168335316,134.95745115298607,885.0596041329699,226.36919408166665,2026-06-23 17:49:24.000000
STARLINK-35507,66327,0,unknown,2026-06-23T17:49:25,-203467.62592424772,29.702630851137872,134.71985518241218,890.3174660516404,226.36919408166665,2026-06-23 17:49:25.000000
STARLINK-35507,66327,0,unknown,2026-06-23T17:49:26,-204376.6736776773,29.455494086949795,134.48625634983307,895.5990855193359,226.36919408166665,2026-06-23 17:49:26.000000
STARLINK-35507,66327,0,unknown,2026-06-23T17:49:27,-205269.5161131673,29.21045625329597,134.25656300411595,900.9040387803078,226.36919408166665,2026-06-23 17:49:27.000000
STARLINK-35507,66327,0,unknown,2026-06-23T17:49:28,-206146.46107082267,28.96750502443317,134.03068600337937,906.2319101122124,226.36919408166665,2026-06-23 17:49:28.000000
STARLINK-35507,66327,0,unknown,2026-06-23T17:49:29,-207007.81142653528,28.72662742482992,133.8085386416223,911.5822917036916,226.36919408166665,2026-06-23 17:49:29.000000
STARLINK-35507,66327,0,unknown,2026-06-23T17:49:30,-207853.8650825935,28.487809880092737,133.5900365774326,916.9547835263992,226.36919408166665,2026-06-23 17:49:30.000000
STARLINK-35507,66327,0,unknown,2026-06-23T17:49:31,-208684.9149643544,28.251038265610525,133.37509776494758,922.348993197878,226.36919408166665,2026-06-23 17:49:31.000000
STARLINK-35507,66327,0,unknown,2026-06-23T17:49:32,-209501.2490267345,28.01629795186449,133.16364238586385,927.7645358617206,226.36919408166665,2026-06-23 17:49:32.000000
STARLINK-35507,66327,0,unknown,2026-06-23T17:49:33,-210303.15026453813,27.783573847992244,132.9555927840055,933.2010340521514,226.36919408166665,2026-06-23 17:49:33.000000
STARLINK-35507,66327,0,unknown,2026-06-23T17:49:34,-211090.89673082408,27.552850442445955,132.75087340110125,938.658117571991,226.36919408166665,2026-06-23 17:49:34.000000
STARLINK-35507,66327,0,unknown,2026-06-23T17:49:35,-211864.76155936165,27.32411184179605,132.5494107147416,944.1354233624972,226.36919408166665,2026-06-23 17:49:35.000000
STARLINK-35507,66327,0,unknown,2026-06-23T17:49:36,-212625.01299173335,27.097341807524185,132.35113317820043,949.6325953707584,226.36919408166665,2026-06-23 17:49:36.000000
STARLINK-35507,66327,0,unknown,2026-06-23T17:49:37,-213371.9144111209,26.87252379019592,132.15597116140276,955.1492844321172,226.36919408166665,2026-06-23 17:49:37.000000
STARLINK-35507,66327,0,unknown,2026-06-23T17:49:38,-214105.7243785568,26.649640962182836,131.9638568940991,960.6851481419118,226.36919408166665,2026-06-23 17:49:38.000000
STARLINK-35507,66327,0,unknown,2026-06-23T17:49:39,-214826.69667287404,26.428676248608564,131.77472441071188,966.2398507263264,226.36919408166665,2026-06-23 17:49:39.000000
STARLINK-35507,66327,0,unknown,2026-06-23T17:49:40,-215535.08033576747,26.20961235603513,131.58850949640856,971.8130629268356,226.36919408166665,2026-06-23 17:49:40.000000
STARLINK-35507,66327,0,unknown,2026-06-23T17:49:41,-216231.1197181112,25.99243180005976,131.4051496352581,977.40446187142,226.36919408166665,2026-06-23 17:49:41.000000
STARLINK-35507,66327,0,unknown,2026-06-23T17:49:42,-216915.05453084843,25.777116930790303,131.2245839594942,983.0137309602384,226.36919408166665,2026-06-23 17:49:42.000000
STARLINK-35507,66327,0,unknown,2026-06-23T17:49:43,-217587.11989633983,25.56364995744425,131.04675320088083,988.6405597364064,226.36919408166665,2026-06-23 17:49:43.000000
STARLINK-35507,66327,0,unknown,2026-06-23T17:49:44,-218247.5464045762,25.352012970707563,130.8715996428626,994.2846437788252,226.36919408166665,2026-06-23 17:49:44.000000
STARLINK-35507,66327,0,unknown,2026-06-23T17:49:45,-218896.56016951476,25.142187964331598,130.69906707463284,999.9456845808444,226.36919408166665,2026-06-23 17:49:45.000000
STARLINK-35507,66327,0,unknown,2026-06-23T17:49:46,-219534.3828870124,24.934156855445533,130.529100746765,1005.6233894296164,226.36919408166665,2026-06-23 17:49:46.000000
STARLINK-35507,66327,0,unknown,2026-06-23T17:49:47,-220161.23189653907,24.72790150297702,130.36164732749654,1011.3174713048592,226.36919408166665,2026-06-23 17:49:47.000000
STARLINK-35507,66327,0,unknown,2026-06-23T17:49:48,-220777.32024113307,24.523403725855754,130.19665486126686,1017.0276487532648,226.36919408166665,2026-06-23 17:49:48.000000
STARLINK-35507,66327,0,unknown,2026-06-23T17:49:49,-221382.8567311605,24.320645319243447,130.03407272783738,1022.7536457879444,226.36919408166665,2026-06-23 17:49:49.000000
STARLINK-35507,66327,0,unknown,2026-06-23T17:49:50,-221978.0460077001,24.119608070163142,129.87385160298624,1028.4951917771489,226.36919408166665,2026-06-23 17:49:50.000000
STARLINK-35507,66327,0,unknown,2026-06-23T17:49:51,-222563.08860614224,23.9202737722952,129.71594342064776,1034.2520213296032,226.36919408166665,2026-06-23 17:49:51.000000
STARLINK-35507,66327,0,unknown,2026-06-23T17:49:52,-223138.18102280615,23.722624239047665,129.56030133553642,1040.023874203686,226.36919408166665,2026-06-23 17:49:52.000000
STARLINK-35507,66327,0,unknown,2026-06-23T17:49:53,-223703.51577902,23.526641316712183,129.406879687812,1045.810495190153,226.36919408166665,2026-06-23 17:49:53.000000
STARLINK-35507,66327,0,unknown,2026-06-23T17:49:54,-224259.28148764392,23.332306896091584,129.2556339682346,1051.6116340158103,226.36919408166665,2026-06-23 17:49:54.000000
STARLINK-35507,66327,0,unknown,2026-06-23T17:49:55,-224805.66291944016,23.13960292341011,129.1065207845658,1057.427045246515,226.36919408166665,2026-06-23 17:49:55.000000
STARLINK-35507,66327,0,unknown,2026-06-23T17:49:56,-225342.84106828924,22.948511410918453,128.95949782933803,1063.2564881780368,226.36919408166665,2026-06-23 17:49:56.000000
STARLINK-35507,66327,0,unknown,2026-06-23T17:49:57,-225870.99321866405,22.75901444597273,128.814523848037,1069.0997267527794,226.36919408166665,2026-06-23 17:49:57.000000
STARLINK-35507,66327,0,unknown,2026-06-23T17:49:58,-226390.29301056903,22.57109420029559,128.67155860893018,1074.9565294518552,226.36919408166665,2026-06-23 17:49:58.000000
STARLINK-35507,66327,0,unknown,2026-06-23T17:49:59,-226900.9105060795,22.38473293793777,128.5305628733911,1080.8266692087425,226.36919408166665,2026-06-23 17:49:59.000000
STARLINK-35507,66327,0,unknown,2026-06-23T17:50:00,-227403.0122550771,22.19991302281941,128.39149836728177,1086.7099233187844,226.36919408166665,2026-06-23 17:50:00.000000
STARLINK-35507,66327,0,unknown,2026-06-23T17:50:01,-227896.76135990408,22.01661692596643,128.25432775342514,1092.6060733417123,226.36919408166665,2026-06-23 17:50:01.000000
STARLINK-35507,66327,0,unknown,2026-06-23T17:50:02,-228382.3175409585,21.834827231682382,128.11901460460726,1098.514905022155,226.36919408166665,2026-06-23 17:50:02.000000
STARLINK-35507,66327,0,unknown,2026-06-23T17:50:03,-228859.8372003734,21.65452664374853,127.98552337778538,1104.4362081943575,226.36919408166665,2026-06-23 17:50:03.000000
STARLINK-35507,66327,0,unknown,2026-06-23T17:50:04,-229329.473486328,21.47569799068397,127.85381938881866,1110.3697767031715,226.36919408166665,2026-06-23 17:50:04.000000
STARLINK-35507,66327,0,unknown,2026-06-23T17:50:05,-229791.37635626545,21.29832423075211,127.72386878808224,1116.3154083198526,226.36919408166665,2026-06-23 17:50:05.000000
STARLINK-35507,66327,0,unknown,2026-06-23T17:50:06,-230245.6926389998,21.12238845668016,127.59563853704692,1122.272904654624,226.36919408166665,2026-06-23 17:50:06.000000
STARLINK-35507,66327,0,unknown,2026-06-23T17:50:07,-230692.56609726365,20.94787389956917,127.4690963852233,1128.2420710840024,226.36919408166665,2026-06-23 17:50:07.000000
STARLINK-35507,66327,0,unknown,2026-06-23T17:50:08,-231132.1374887006,20.774763932716848,127.34421084809269,1134.2227166698538,226.36919408166665,2026-06-23 17:50:08.000000
STARLINK-35507,66327,0,unknown,2026-06-23T17:50:09,-231564.54462599332,20.603042075140475,127.22095118573256,1140.2146540775627,226.36919408166665,2026-06-23 17:50:09.000000
STARLINK-35507,66327,0,unknown,2026-06-23T17:50:10,-231989.9224371471,20.432691994369964,127.09928738187762,1146.2176995091809,226.36919408166665,2026-06-23 17:50:10.000000
STARLINK-35507,66327,0,unknown,2026-06-23T17:50:11,-232408.40302362412,20.263697509452584,126.97919012400612,1152.2316726193733,226.36919408166665,2026-06-23 17:50:11.000000
STARLINK-35507,66327,0,unknown,2026-06-23T17:50:12,-232820.1157192085,20.09604259304619,126.86063078357604,1158.2563964542826,226.36919408166665,2026-06-23 17:50:12.000000
STARLINK-35507,66327,0,unknown,2026-06-23T17:50:13,-233225.18714625685,19.92971137391373,126.74358139741886,1164.291697367416,226.36919408166665,2026-06-23 17:50:13.000000
STARLINK-35507,66327,0,unknown,2026-06-23T17:50:14,-233623.7412729896,19.76468813839895,126.62801464913213,1170.3374049637944,226.36919408166665,2026-06-23 17:50:14.000000
STARLINK-35507,66327,0,unknown,2026-06-23T17:50:15,-234015.89946824417,19.600957332304304,126.51390385155317,1176.393352021994,226.36919408166665,2026-06-23 17:50:15.000000
STARLINK-35507,66327,0,unknown,2026-06-23T17:50:16,-234401.7805563668,19.438503562133334,126.40122292944464,1182.4593744320116,226.36919408166665,2026-06-23 17:50:16.000000
STARLINK-35507,66327,0,unknown,2026-06-23T17:50:17,-234781.500870792,19.27731159625642,126.28994640287854,1188.5353111291029,226.36919408166665,2026-06-23 17:50:17.000000
STARLINK-35507,66327,0,unknown,2026-06-23T17:50:18,-235155.1743066634,19.11736636591765,126.18004937109852,1194.6210040271203,226.36919408166665,2026-06-23 17:50:18.000000
STARLINK-35507,66327,0,unknown,2026-06-23T17:50:19,-235522.91237320573,18.958652965748566,126.07150749671588,1200.716297964448,226.36919408166665,2026-06-23 17:50:19.000000
STARLINK-35507,66327,0,unknown,2026-06-23T17:50:20,-235884.8242440399,18.80115665458701,125.96429699072102,1206.8210406326757,226.36919408166665,2026-06-23 17:50:20.000000
STARLINK-35507,66327,0,unknown,2026-06-23T17:50:21,-236241.01680759643,18.64486285570195,125.85839459764556,1212.9350825226445,226.36919408166665,2026-06-23 17:50:21.000000
STARLINK-35507,66327,0,unknown,2026-06-23T17:50:22,-236591.59471617747,18.48975715703521,125.7537775813204,1219.0582768649788,226.36919408166665,2026-06-23 17:50:22.000000
STARLINK-35507,66327,0,unknown,2026-06-23T17:50:23,-236936.660434,18.33582531135438,125.65042371108,1225.1904795693931,226.36919408166665,2026-06-23 17:50:23.000000
STARLINK-35507,66327,0,unknown,2026-06-23T17:50:24,-237276.3142849717,18.18305323596911,125.54831124821592,1231.3315491770131,226.36919408166665,2026-06-23 17:50:24.000000
STARLINK-35507,66327,0,unknown,2026-06-23T17:50:25,-237610.65449861385,18.031427012757025,125.44741893308932,1237.4813467963554,226.36919408166665,2026-06-23 17:50:25.000000
STARLINK-35507,66327,0,unknown,2026-06-23T17:50:26,-237939.7772557946,17.88093288772684,125.34772597247265,1243.6397360541068,226.36919408166665,2026-06-23 17:50:26.000000
STARLINK-35507,66327,0,unknown,2026-06-23T17:50:27,-238263.7767333482,17.731557270590915,125.24921202729652,1249.8065830419955,226.36919408166665,2026-06-23 17:50:27.000000
STARLINK-35507,66327,0,unknown,2026-06-23T17:50:28,-238582.74514779396,17.583286734234132,125.15185720077592,1255.981756264959,226.36919408166665,2026-06-23 17:50:28.000000
STARLINK-35507,66327,0,unknown,2026-06-23T17:50:29,-238896.7727983387,17.43610801400866,125.05564202685008,1262.16512659337,226.36919408166665,2026-06-23 17:50:29.000000
STARLINK-35507,66327,0,unknown,2026-06-23T17:50:30,-239205.94810867065,17.290008007099953,124.96054745906493,1268.3565672097068,226.36919408166665,2026-06-23 17:50:30.000000
STARLINK-35507,66327,0,unknown,2026-06-23T17:50:31,-239510.3576682575,17.144973771627,124.86655485970496,1274.5559535638015,226.36919408166665,2026-06-23 17:50:31.000000
STARLINK-35507,66327,0,unknown,2026-06-23T17:50:32,-239810.08627273588,17.00099252572667,124.77364598919164,1280.7631633266797,226.36919408166665,2026-06-23 17:50:32.000000
STARLINK-35507,66327,0,unknown,2026-06-23T17:50:33,-240105.21696300435,16.85805164673859,124.68180299603686,1286.978076337895,226.36919408166665,2026-06-23 17:50:33.000000
STARLINK-35507,66327,0,unknown,2026-06-23T17:50:34,-240395.8310643641,16.716138669951214,124.59100840673293,1293.2005745698898,226.36919408166665,2026-06-23 17:50:34.000000
STARLINK-35507,66327,0,unknown,2026-06-23T17:50:35,-240682.00822405863,16.575241287631535,124.50124511623824,1299.4305420786686,226.36919408166665,2026-06-23 17:50:35.000000
STARLINK-35507,66327,0,unknown,2026-06-23T17:50:36,-240963.82644832367,16.435347347870145,124.41249637861446,1305.6678649607468,226.36919408166665,2026-06-23 17:50:36.000000
STARLINK-35507,66327,0,unknown,2026-06-23T17:50:37,-241241.36213861607,16.29644485337491,124.32474579797,1311.9124313111315,226.36919408166665,2026-06-23 17:50:37.000000
STARLINK-35507,66327,0,unknown,2026-06-23T17:50:38,-241514.69012729987,16.158521960115205,124.23797731956124,1318.16413118692,226.36919408166665,2026-06-23 17:50:38.000000
STARLINK-35507,66327,0,unknown,2026-06-23T17:50:39,-241783.883712052,16.021566976162298,124.15217522134937,1324.422856561078,226.36919408166665,2026-06-23 17:50:39.000000
STARLINK-32393,61862,0,unknown,2026-06-23T17:50:45,-249656.5633736348,16.579119108317812,90.27754932073869,1303.2354622111418,210.6277419280556,2026-06-23 17:50:45.000000
STARLINK-32393,61862,0,unknown,2026-06-23T17:50:46,-249843.45626921405,16.434449772775764,90.28319995375128,1309.7039963611237,210.6277419280556,2026-06-23 17:50:46.000000
STARLINK-32393,61862,0,unknown,2026-06-23T17:50:47,-250027.32154522935,16.290904789653204,90.28881908625009,1316.177331719491,210.6277419280556,2026-06-23 17:50:47.000000
STARLINK-32393,61862,0,unknown,2026-06-23T17:50:48,-250208.2147772264,16.148468466857842,90.2944072541902,1322.6553905904516,210.6277419280556,2026-06-23 17:50:48.000000
STARLINK-32393,61862,0,unknown,2026-06-23T17:50:49,-250386.1902959724,16.007125385262746,90.29996498140792,1329.138096704529,210.6277419280556,2026-06-23 17:50:49.000000
STARLINK-4478,53529,0,unknown,2026-06-23T17:50:55,-249910.45805075247,16.230238401950775,123.4883140538534,1398.9809447577456,214.27412792638887,2026-06-23 17:50:55.000000
STARLINK-4478,53529,0,unknown,2026-06-23T17:50:56,-250088.84741721075,16.092672091370517,123.5068056047682,1405.455936391461,214.27412792638887,2026-06-23 17:50:56.000000
STARLINK-31212,58875,0,unknown,2026-06-23T17:51:02.014193,-224770.6450565372,30.285841359362237,86.24125601535961,880.5534721931282,199.5847467125,2026-06-23 17:51:02.014193
STARLINK-31212,58875,0,unknown,2026-06-23T17:51:03.014193,-225414.47231193143,30.005863953930614,86.21608058610656,886.3833970133178,199.5847467125,2026-06-23 17:51:03.014193
STARLINK-31212,58875,0,unknown,2026-06-23T17:51:04.014193,-226045.4501015517,29.729147415118437,86.19142744580685,892.2298299212306,199.5847467125,2026-06-23 17:51:04.014193
STARLINK-31212,58875,0,unknown,2026-06-23T17:51:05.014193,-226663.87525012597,29.45563724186233,86.16728210889866,898.0924419744581,199.5847467125,2026-06-23 17:51:05.014193
STARLINK-31212,58875,0,unknown,2026-06-23T17:51:06.014193,-227270.03724191227,29.18527987295993,86.14363062037276,903.9709118233848,199.5847467125,2026-06-23 17:51:06.014193
STARLINK-31212,58875,0,unknown,2026-06-23T17:51:07.014193,-227864.2183839385,28.91802267746221,86.12045953170997,909.864925526102,199.5847467125,2026-06-23 17:51:07.014193
STARLINK-31212,58875,0,unknown,2026-06-23T17:51:08.014193,-228446.69396683437,28.653813945091823,86.09775587816087,915.7741763556176,199.5847467125,2026-06-23 17:51:08.014193
STARLINK-31212,58875,0,unknown,2026-06-23T17:51:09.014193,-229017.7324260217,28.39260287539384,86.07550715717085,921.6983646292152,199.5847467125,2026-06-23 17:51:09.014193
STARLINK-31212,58875,0,unknown,2026-06-23T17:51:10.014193,-229577.5955001753,28.13433956696878,86.05370130798562,927.6371975314964,199.5847467125,2026-06-23 17:51:10.014193
STARLINK-31212,58875,0,unknown,2026-06-23T17:51:11.014193,-230126.53838749023,27.878975006522055,86.03232669234174,933.5903889375116,199.5847467125,2026-06-23 17:51:11.014193
STARLINK-31212,58875,0,unknown,2026-06-23T17:51:12.014193,-230664.8099006953,27.62646105727622,86.01137207613294,939.557659247376,199.5847467125,2026-06-23 17:51:12.014193
STARLINK-31212,58875,0,unknown,2026-06-23T17:51:13.014193,-231192.65262057108,27.376750446812284,85.99082661199708,945.5387352324614,199.5847467125,2026-06-23 17:51:13.014193
STARLINK-31212,58875,0,unknown,2026-06-23T17:51:14.014193,-231710.3030446361,27.129796755905435,85.97067982289235,951.533349856615,199.5847467125,2026-06-23 17:51:14.014193
STARLINK-31212,58875,0,unknown,2026-06-23T17:51:15.014193,-232217.9917370549,26.885554405486825,85.95092158636999,957.5412421413656,199.5847467125,2026-06-23 17:51:15.014193
STARLINK-31212,58875,0,unknown,2026-06-23T17:51:16.014193,-232715.94347314053,26.643978644853807,85.93154211974978,963.5621570015592,199.5847467125,2026-06-23 17:51:16.014193
STARLINK-31212,58875,0,unknown,2026-06-23T17:51:17.014193,-233204.37738252847,26.40502553919987,85.91253196598909,969.5958450977914,199.5847467125,2026-06-23 17:51:17.014193
STARLINK-31212,58875,0,unknown,2026-06-23T17:51:18.014193,-233683.5070901184,26.168651956882197,85.89388198024086,975.6420626970408,199.5847467125,2026-06-23 17:51:18.014193
STARLINK-31212,58875,0,unknown,2026-06-23T17:51:19.014193,-234153.540853812,25.93481555690024,85.87558331708803,981.7005715299182,199.5847467125,2026-06-23 17:51:19.014193
STARLINK-31212,58875,0,unknown,2026-06-23T17:51:20.014193,-234614.6816994875,25.70347477638586,85.8576274184072,987.771138650014,199.5847467125,2026-06-23 17:51:20.014193
STARLINK-31212,58875,0,unknown,2026-06-23T17:51:21.014193,-235067.12755395236,25.474588817742067,85.84000600179046,993.8535363051836,199.5847467125,2026-06-23 17:51:21.014193
STARLINK-31212,58875,0,unknown,2026-06-23T17:51:22.014193,-235511.0713746691,25.248117636033133,85.82271104954039,999.9475418059052,199.5847467125,2026-06-23 17:51:22.014193
STARLINK-31212,58875,0,unknown,2026-06-23T17:51:23.014193,-235946.7012766127,25.024021926477246,85.80573479819621,1006.0529373944668,199.5847467125,2026-06-23 17:51:23.014193
STARLINK-31212,58875,0,unknown,2026-06-23T17:51:24.014193,-236374.20065694003,24.80226311169516,85.78906972852997,1012.1695101250972,199.5847467125,2026-06-23 17:51:24.014193
STARLINK-31212,58875,0,unknown,2026-06-23T17:51:25.014193,-236793.7483166711,24.582803329148696,85.77270855602367,1018.2970517434578,199.5847467125,2026-06-23 17:51:25.014193
STARLINK-31212,58875,0,unknown,2026-06-23T17:51:26.014193,-237205.51857957663,24.365605418682616,85.75664422178819,1024.4353585683946,199.5847467125,2026-06-23 17:51:26.014193
STARLINK-31212,58875,0,unknown,2026-06-23T17:51:27.014193,-237609.68140803996,24.15063291032079,85.74086988391542,1030.5842313715325,199.5847467125,2026-06-23 17:51:27.014193
STARLINK-31212,58875,0,unknown,2026-06-23T17:51:28.014193,-238006.4025175165,23.937850011474133,85.72537890917472,1036.74347527923,199.5847467125,2026-06-23 17:51:28.014193
STARLINK-31212,58875,0,unknown,2026-06-23T17:51:29.014193,-238395.84348652183,23.727221595209247,85.71016486515609,1042.9128996501072,199.5847467125,2026-06-23 17:51:29.014193
STARLINK-31212,58875,0,unknown,2026-06-23T17:51:30.014193,-238778.1618654324,23.51871318786032,85.69522151271279,1049.092317977343,199.5847467125,2026-06-23 17:51:30.014193
STARLINK-31212,58875,0,unknown,2026-06-23T17:51:31.014193,-239153.5112820904,23.312290957070992,85.68054279876101,1055.2815477849012,199.5847467125,2026-06-23 17:51:31.014193
STARLINK-31212,58875,0,unknown,2026-06-23T17:51:32.014193,-239522.04154471087,23.10792170003695,85.66612284940824,1061.4804105242188,199.5847467125,2026-06-23 17:51:32.014193
STARLINK-31212,58875,0,unknown,2026-06-23T17:51:33.014193,-239883.898742581,22.905572831700525,85.65195596336646,1067.6887314788437,199.5847467125,2026-06-23 17:51:33.014193
STARLINK-31212,58875,0,unknown,2026-06-23T17:51:34.014193,-240239.22534409663,22.70521237317585,85.63803660566526,1073.906339669063,199.5847467125,2026-06-23 17:51:34.014193
STARLINK-31212,58875,0,unknown,2026-06-23T17:51:35.014193,-240588.1602923097,22.506808940332363,85.62435940163256,1080.1330677585509,199.5847467125,2026-06-23 17:51:35.014193
STARLINK-31212,58875,0,unknown,2026-06-23T17:51:36.014193,-240930.83909824505,22.31033173242489,85.61091913113273,1086.3687519667008,199.5847467125,2026-06-23 17:51:36.014193
STARLINK-31212,58875,0,unknown,2026-06-23T17:51:37.014193,-241267.39393157832,22.11575052102139,85.5977107230584,1092.6132319788733,199.5847467125,2026-06-23 17:51:37.014193
STARLINK-31212,58875,0,unknown,2026-06-23T17:51:38.014193,-241597.9537089195,21.92303563912864,85.58472925006072,1098.8663508574946,199.5847467125,2026-06-23 17:51:38.014193
STARLINK-31212,58875,0,unknown,2026-06-23T17:51:39.014193,-241922.6441804813,21.732157970083232,85.57196992347137,1105.1279549681983,199.5847467125,2026-06-23 17:51:39.014193
STARLINK-31212,58875,0,unknown,2026-06-23T17:51:40.014193,-242241.5880135812,21.5430889371402,85.55942808847882,1111.397893890942,199.5847467125,2026-06-23 17:51:40.014193
STARLINK-31212,58875,0,unknown,2026-06-23T17:51:41.014193,-242554.90487457812,21.355800492856208,85.54709921947602,1117.6760203452243,199.5847467125,2026-06-23 17:51:41.014193
STARLINK-31212,58875,0,unknown,2026-06-23T17:51:42.014193,-242862.71150808068,21.17026510898175,85.5349789156259,1123.962190105859,199.5847467125,2026-06-23 17:51:42.014193
STARLINK-31212,58875,0,unknown,2026-06-23T17:51:43.014193,-243165.12181519068,20.98645576583109,85.52306289656153,1130.2562619442358,199.5847467125,2026-06-23 17:51:43.014193
STARLINK-31212,58875,0,unknown,2026-06-23T17:51:44.014193,-243462.24692795557,20.80434594286384,85.51134699833075,1136.5580975359924,199.5847467125,2026-06-23 17:51:44.014193
STARLINK-31212,58875,0,unknown,2026-06-23T17:51:45.014193,-243754.19528363217,20.623909608326365,85.49982716943279,1142.867561408547,199.5847467125,2026-06-23 17:51:45.014193
STARLINK-31212,58875,0,unknown,2026-06-23T17:51:46.014193,-244041.0726953644,20.44512121004876,85.48849946707814,1149.184520856462,199.5847467125,2026-06-23 17:51:46.014193
STARLINK-31212,58875,0,unknown,2026-06-23T17:51:47.014193,-244322.9824223325,20.26795566555129,85.47736005354322,1155.5088458885054,199.5847467125,2026-06-23 17:51:47.014193
STARLINK-31212,58875,0,unknown,2026-06-23T17:51:48.014193,-244600.02523671335,20.092388353131717,85.46640519271809,1161.8404091478435,199.5847467125,2026-06-23 17:51:48.014193
STARLINK-31212,58875,0,unknown,2026-06-23T17:51:49.014193,-244872.2994901814,19.918395102259336,85.45563124674239,1168.1790858646125,199.5847467125,2026-06-23 17:51:49.014193
STARLINK-31212,58875,0,unknown,2026-06-23T17:51:50.014193,-245139.90117711067,19.745952185089383,85.44503467282678,1174.5247537758703,199.5847467125,2026-06-23 17:51:50.014193
STARLINK-31212,58875,0,unknown,2026-06-23T17:51:51.014193,-245402.9239977105,19.57503630707245,85.43461202013356,1180.877293085996,199.5847467125,2026-06-23 17:51:51.014193
STARLINK-31212,58875,0,unknown,2026-06-23T17:51:52.014193,-245661.45941772885,19.405624598841207,85.42435992684909,1187.236586387966,199.5847467125,2026-06-23 17:51:52.014193
STARLINK-31212,58875,0,unknown,2026-06-23T17:51:53.014193,-245915.59672793883,19.23769460732689,85.41427511730662,1193.6025186205138,199.5847467125,2026-06-23 17:51:53.014193
STARLINK-31212,58875,0,unknown,2026-06-23T17:51:54.014193,-246165.42310111484,19.071224287620154,85.40435439925861,1199.9749770051958,199.5847467125,2026-06-23 17:51:54.014193
STARLINK-31212,58875,0,unknown,2026-06-23T17:51:55.014193,-246411.0236478467,18.90619199472057,85.39459466123338,1206.3538509950254,199.5847467125,2026-06-23 17:51:55.014193
STARLINK-31212,58875,0,unknown,2026-06-23T17:51:56.014193,-246652.48147084092,18.742576475428752,85.38499286999347,1212.739032225274,199.5847467125,2026-06-23 17:51:56.014193
STARLINK-31212,58875,0,unknown,2026-06-23T17:51:57.014193,-246889.87771707613,18.5803568608371,85.37554606811298,1219.1304144483229,199.5847467125,2026-06-23 17:51:57.014193
STARLINK-31212,58875,0,unknown,2026-06-23T17:51:58.014193,-247123.29162977944,18.419512658110666,85.36625137159386,1225.527893503604,199.5847467125,2026-06-23 17:51:58.014193
STARLINK-31212,58875,0,unknown,2026-06-23T17:51:59.014193,-247352.80059765477,18.260023743325423,85.35710596762519,1231.9313672535368,199.5847467125,2026-06-23 17:51:59.014193
STARLINK-31212,58875,0,unknown,2026-06-23T17:52:00.014193,-247578.4802035581,18.10187035389608,85.34810711239173,1238.340735542596,199.5847467125,2026-06-23 17:52:00.014193
STARLINK-31212,58875,0,unknown,2026-06-23T17:52:01.014193,-247800.40427139724,17.94503308145499,85.33925212897933,1244.7559001455406,199.5847467125,2026-06-23 17:52:01.014193
STARLINK-31212,58875,0,unknown,2026-06-23T17:52:02.014193,-248018.64491254813,17.789492864294697,85.33053840532254,1251.1767647407544,199.5847467125,2026-06-23 17:52:02.014193
STARLINK-31212,58875,0,unknown,2026-06-23T17:52:03.014193,-248233.27256947992,17.63523098103343,85.32196339229175,1257.603234840534,199.5847467125,2026-06-23 17:52:03.014193
STARLINK-31212,58875,0,unknown,2026-06-23T17:52:04.014193,-248444.35605950336,17.482229043466127,85.3135246017884,1264.0352177614566,199.5847467125,2026-06-23 17:52:04.014193
STARLINK-31212,58875,0,unknown,2026-06-23T17:52:05.014193,-248651.9626168661,17.330468989872614,85.30521960493375,1270.472622583059,199.5847467125,2026-06-23 17:52:05.014193
STARLINK-31212,58875,0,unknown,2026-06-23T17:52:06.014193,-248856.15793365223,17.17993307848229,85.29704603031212,1276.9153601067874,199.5847467125,2026-06-23 17:52:06.014193
STARLINK-31212,58875,0,unknown,2026-06-23T17:52:07.014193,-249057.00619961365,17.030603881029766,85.28900156228701,1283.3633428177504,199.5847467125,2026-06-23 17:52:07.014193
STARLINK-31212,58875,0,unknown,2026-06-23T17:52:08.014193,-249254.57014070483,16.88246427658521,85.28108393937376,1289.816484841463,199.5847467125,2026-06-23 17:52:08.014193
STARLINK-31212,58875,0,unknown,2026-06-23T17:52:09.014193,-249448.91105682816,16.735497445307544,85.27329095266319,1296.2747019103872,199.5847467125,2026-06-23 17:52:09.014193
STARLINK-31212,58875,0,unknown,2026-06-23T17:52:10.014193,-249640.0888584545,16.589686862385356,85.26562044429703,1302.7379113289678,199.5847467125,2026-06-23 17:52:10.014193
STARLINK-31212,58875,0,unknown,2026-06-23T17:52:11.014193,-249828.16210200943,16.44501629227321,85.25807030601662,1309.2060319321415,199.5847467125,2026-06-23 17:52:11.014193
STARLINK-31212,58875,0,unknown,2026-06-23T17:52:12.014193,-250013.1880245841,16.30146978281999,85.25063847773096,1315.6789840547974,199.5847467125,2026-06-23 17:52:12.014193
STARLINK-31212,58875,0,unknown,2026-06-23T17:52:13.014193,-250195.22257762216,16.159031659563,85.24332294615597,1322.156689500434,199.5847467125,2026-06-23 17:52:13.014193
STARLINK-31212,58875,0,unknown,2026-06-23T17:52:14.014193,-250374.32045946908,16.01768652031224,85.23612174349505,1328.6390715026937,199.5847467125,2026-06-23 17:52:14.014193
STARLINK-31148,58741,0,unknown,2026-06-23T17:52:20.025110,116769.65545882528,55.6242802304467,246.62533047212423,579.7899622019276,212.1748692744445,2026-06-23 17:52:20.025110
STARLINK-31148,58741,0,unknown,2026-06-23T17:52:21.025110,114089.77974133583,56.10852204661959,245.8373904393032,576.8002449325018,212.1748692744445,2026-06-23 17:52:21.025110
STARLINK-31148,58741,0,unknown,2026-06-23T17:52:22.025110,111368.2702689716,56.59209106866205,245.0209614622322,573.8804759231253,212.1748692744445,2026-06-23 17:52:22.025110
STARLINK-31148,58741,0,unknown,2026-06-23T17:52:23.025110,108605.28752536591,57.07454200081751,244.17482749909163,571.0317315282417,212.1748692744445,2026-06-23 17:52:23.025110
STARLINK-31148,58741,0,unknown,2026-06-23T17:52:24.025110,105801.04803951277,57.55539863994606,243.2977348304781,568.2550832254624,212.1748692744445,2026-06-23 17:52:24.025110
STARLINK-31148,58741,0,unknown,2026-06-23T17:52:25.025110,102955.82645523224,58.034152502057005,242.38839497961075,565.5515961354822,212.1748692744445,2026-06-23 17:52:25.025110
STARLINK-31148,58741,0,unknown,2026-06-23T17:52:26.025110,100069.95750173317,58.51026147873839,241.4454886228178,562.9223274917554,212.1748692744445,2026-06-23 17:52:26.025110
STARLINK-31148,58741,0,unknown,2026-06-23T17:52:27.025110,97143.83784599644,58.983148547001626,240.46767065473355,560.3683250597508,212.1748692744445,2026-06-23 17:52:27.025110
STARLINK-31148,58741,0,unknown,2026-06-23T17:52:28.025110,94177.92781048312,59.45220056014528,239.45357658917044,557.8906255109408,212.1748692744445,2026-06-23 17:52:28.025110
STARLINK-31148,58741,0,unknown,2026-06-23T17:52:29.025110,91172.75293556423,59.91676715355431,238.4018304899075,555.4902527526781,212.1748692744445,2026-06-23 17:52:29.025110
STARLINK-31148,58741,0,unknown,2026-06-23T17:52:30.025110,88128.90537288957,60.37615980446861,237.31105463959472,553.1682162218716,212.1748692744445,2026-06-23 17:52:30.025110
STARLINK-31148,58741,0,unknown,2026-06-23T17:52:31.025110,85047.04508437449,60.82965109338324,236.1798811580656,550.9255091413742,212.1748692744445,2026-06-23 17:52:31.025110
STARLINK-31148,58741,0,unknown,2026-06-23T17:52:32.025110,81927.90084099401,61.27647421933817,235.0069657889617,548.763106753368,212.1748692744445,2026-06-23 17:52:32.025110
STARLINK-31148,58741,0,unknown,2026-06-23T17:52:33.025110,78772.27098887287,61.71582283315222,233.7910040552715,546.6819645241578,212.1748692744445,2026-06-23 17:52:33.025110
STARLINK-31148,58741,0,unknown,2026-06-23T17:52:34.025110,75581.02398019472,62.14685125654054,232.53074997484129,544.6830163362645,212.1748692744445,2026-06-23 17:52:34.025110
STARLINK-31148,58741,0,unknown,2026-06-23T17:52:35.025110,72355.09864372005,62.568675166044045,231.22503748196587,542.7671726682545,212.1748692744445,2026-06-23 17:52:35.025110
STARLINK-31148,58741,0,unknown,2026-06-23T17:52:36.025110,69095.50418536336,62.98037282612411,229.8728046518841,540.935318771654,212.1748692744445,2026-06-23 17:52:36.025110
STARLINK-31148,58741,0,unknown,2026-06-23T17:52:37.025110,65803.31990020667,63.38098696264987,228.4731207424852,539.1883128500148,212.1748692744445,2026-06-23 17:52:37.025110
STARLINK-31148,58741,0,unknown,2026-06-23T17:52:38.025110,62479.69459438122,63.76952737015003,227.02521597000845,537.5269842523614,212.1748692744445,2026-06-23 17:52:38.025110
STARLINK-31148,58741,0,unknown,2026-06-23T17:52:39.025110,59125.84569314471,64.14497434951866,225.5285137919373,535.9521316819712,212.1748692744445,2026-06-23 17:52:39.025110
STARLINK-31148,58741,0,unknown,2026-06-23T17:52:40.025110,55743.05804100368,64.5062830661706,223.98266531872636,534.4645214353648,212.1748692744445,2026-06-23 17:52:40.025110
STARLINK-31148,58741,0,unknown,2026-06-23T17:52:41.025110,52332.68237751399,64.85238891261702,222.38758527316384,533.0648856742791,212.1748692744445,2026-06-23 17:52:41.025110
STARLINK-1316,45415,0,unknown,2026-06-23T17:52:47.033605,39919.7104964418,16.100379947987452,357.4166331115938,1237.5187312245273,209.74888880416668,2026-06-23 17:52:47.033605
STARLINK-1316,45415,0,unknown,2026-06-23T17:52:48.033605,38428.41486401414,16.12324945987499,357.7669548653714,1236.5041195780695,209.74888880416668,2026-06-23 17:52:48.033605
STARLINK-1316,45415,0,unknown,2026-06-23T17:52:49.033605,36933.463220935024,16.145270444604435,358.11791427435384,1235.528180006833,209.74888880416668,2026-06-23 17:52:49.033605
STARLINK-1316,45415,0,unknown,2026-06-23T17:52:50.033605,35434.98644386471,16.16643727090089,358.4694882516082,1234.591005509877,209.74888880416668,2026-06-23 17:52:50.033605
STARLINK-1316,45415,0,unknown,2026-06-23T17:52:51.033605,33933.11702556292,16.18674450016375,358.82165344957485,1233.6926856757163,209.74888880416668,2026-06-23 17:52:51.033605
STARLINK-1316,45415,0,unknown,2026-06-23T17:52:52.033605,32427.98902103468,16.20618689068381,359.1743862688827,1232.8333066405835,209.74888880416668,2026-06-23 17:52:52.033605
STARLINK-1316,45415,0,unknown,2026-06-23T17:52:53.033605,30919.73799418117,16.224759401712365,359.5276628669417,1232.0129510491577,209.74888880416668,2026-06-23 17:52:53.033605
STARLINK-1316,45415,0,unknown,2026-06-23T17:52:54.033605,29408.50096200864,16.24245719740584,359.8814591669705,1231.2316980163164,209.74888880416668,2026-06-23 17:52:54.033605
STARLINK-1316,45415,0,unknown,2026-06-23T17:52:55.033605,27894.41633627816,16.259275650649144,0.2357508675155837,1230.4896230897884,209.74888880416668,2026-06-23 17:52:55.033605
STARLINK-1316,45415,0,unknown,2026-06-23T17:52:56.033605,26377.62386510633,16.27521034671266,0.5905134518654055,1229.786798215082,209.74888880416668,2026-06-23 17:52:56.033605
STARLINK-1316,45415,0,unknown,2026-06-23T17:52:57.033605,24858.26457277687,16.290257086771742,0.9457221977803644,1229.1232917017287,209.74888880416668,2026-06-23 17:52:57.033605
STARLINK-1316,45415,0,unknown,2026-06-23T17:52:58.033605,23336.480696746068,16.304411891278914,1.3013521877659338,1228.4991681905417,209.74888880416668,2026-06-23 17:52:58.033605
STARLINK-1316,45415,0,unknown,2026-06-23T17:52:59.033605,21812.4156260398,16.317671003152793,1.6573783189258693,1227.9144886236916,209.74888880416668,2026-06-23 17:52:59.033605
STARLINK-1316,45415,0,unknown,2026-06-23T17:53:00.033605,20286.213835761435,16.33003089082887,2.013775313636808,1227.3693102151803,209.74888880416668,2026-06-23 17:53:00.033605
STARLINK-1316,45415,0,unknown,2026-06-23T17:53:01.033605,18758.020821994884,16.34148825111994,2.3705177300217137,1226.8636864238767,209.74888880416668,2026-06-23 17:53:01.033605
STARLINK-1316,45415,0,unknown,2026-06-23T17:53:02.033605,17227.98303477412,16.35204001191635,2.727579972817979,1226.3976669276908,209.74888880416668,2026-06-23 17:53:02.033605
STARLINK-1316,45415,0,unknown,2026-06-23T17:53:03.033605,15696.247810480229,16.36168333469745,3.0849363042720284,1225.9712975999364,209.74888880416668,2026-06-23 17:53:03.033605
STARLINK-1316,45415,0,unknown,2026-06-23T17:53:04.033605,14162.963302944676,16.37041561686543,3.442560855284577,1225.5846204871368,209.74888880416668,2026-06-23 17:53:04.033605
STARLINK-1316,45415,0,unknown,2026-06-23T17:53:05.033605,12628.27841438416,16.37823449388769,3.800427636510576,1225.2376737889597,209.74888880416668,2026-06-23 17:53:05.033605
STARLINK-1316,45415,0,unknown,2026-06-23T17:53:06.033605,11092.3427239403,16.38513784126002,4.1585105499704405,1224.9304918394394,209.74888880416668,2026-06-23 17:53:06.033605
STARLINK-1316,45415,0,unknown,2026-06-23T17:53:07.033605,9555.306415976032,16.391123776263342,4.516783400633612,1224.6631050905355,209.74888880416668,2026-06-23 17:53:07.033605
STARLINK-1316,45415,0,unknown,2026-06-23T17:53:08.033605,8017.320209610728,16.396190659531666,4.87521990770982,1224.4355400973752,209.74888880416668,2026-06-23 17:53:08.033605
STARLINK-1316,45415,0,unknown,2026-06-23T17:53:09.033605,6478.53528571909,16.400337096415075,5.233793716438944,1224.2478195054102,209.74888880416668,2026-06-23 17:53:09.033605
STARLINK-1316,45415,0,unknown,2026-06-23T17:53:10.033605,4939.1032124052745,16.40356193815243,5.592478410216184,1224.0999620392674,209.74888880416668,2026-06-23 17:53:10.033605
STARLINK-1316,45415,0,unknown,2026-06-23T17:53:11.033605,3399.175873558112,16.405864282829768,5.951247521978041,1223.9919824937676,209.74888880416668,2026-06-23 17:53:11.033605
STARLINK-1316,45415,0,unknown,2026-06-23T17:53:12.033605,1858.905392755643,16.407243476139058,6.310074546619212,1223.9238917266614,209.74888880416668,2026-06-23 17:53:12.033605
STARLINK-1316,45415,0,unknown,2026-06-23T17:53:13.033605,318.4440612922425,16.407699111932512,6.668932952458947,1223.8956966533544,209.74888880416668,2026-06-23 17:53:13.033605
STARLINK-1316,45415,0,unknown,2026-06-23T17:53:14.033605,-1222.0557385457364,16.407231032564006,7.027796193761034,1223.907400243667,209.74888880416668,2026-06-23 17:53:14.033605
STARLINK-1316,45415,0,unknown,2026-06-23T17:53:15.033605,-2762.4416059423143,16.40583932903155,7.386637722297471,1223.9590015202648,209.74888880416668,2026-06-23 17:53:15.033605
STARLINK-1316,45415,0,unknown,2026-06-23T17:53:16.033605,-4302.561196792819,16.40352434090471,7.745430999521993,1224.050495559208,209.74888880416668,2026-06-23 17:53:16.033605
STARLINK-1316,45415,0,unknown,2026-06-23T17:53:17.033605,-5842.262299186208,16.400286656047125,8.10414950881995,1224.1818734924775,209.74888880416668,2026-06-23 17:53:17.033605
STARLINK-1316,45415,0,unknown,2026-06-23T17:53:18.033605,-7381.392905492393,16.39612711013502,8.46276676697533,1224.3531225121649,209.74888880416668,2026-06-23 17:53:18.033605
STARLINK-1316,45415,0,unknown,2026-06-23T17:53:19.033605,-8919.801288367187,16.39104678596427,8.821256336570727,1224.564225876824,209.74888880416668,2026-06-23 17:53:19.033605
STARLINK-1316,45415,0,unknown,2026-06-23T17:53:20.033605,-10457.336074079232,16.38504701255073,9.179591837764493,1224.815162919897,209.74888880416668,2026-06-23 17:53:20.033605
STARLINK-1316,45415,0,unknown,2026-06-23T17:53:21.033605,-11993.84631541825,16.378129364036184,9.537746960037346,1225.1059090595254,209.74888880416668,2026-06-23 17:53:21.033605
STARLINK-1316,45415,0,unknown,2026-06-23T17:53:22.033605,-13529.18156403734,16.370295658388716,9.895695473816424,1225.4364358104708,209.74888880416668,2026-06-23 17:53:22.033605
STARLINK-1316,45415,0,unknown,2026-06-23T17:53:23.033605,-15063.191944493205,16.361547955890952,10.2534112425319,1225.806710798448,209.74888880416668,2026-06-23 17:53:23.033605
STARLINK-1316,45415,0,unknown,2026-06-23T17:53:24.033605,-16595.728223728453,16.351888557456295,10.610868233682062,1226.2166977752584,209.74888880416668,2026-06-23 17:53:24.033605
STARLINK-1316,45415,0,unknown,2026-06-23T17:53:25.033605,-18126.641884260174,16.341320002718458,10.968040530788729,1226.6663566370494,209.74888880416668,2026-06-23 17:53:25.033605
STARLINK-1316,45415,0,unknown,2026-06-23T17:53:26.033605,-19655.78519165071,16.32984506796829,11.324902344098149,1227.1556434429588,209.74888880416668,2026-06-23 17:53:26.033605
STARLINK-1316,45415,0,unknown,2026-06-23T17:53:27.033605,-21183.011266598816,16.31746676385794,11.681428022413352,1227.6845104371769,209.74888880416668,2026-06-23 17:53:27.033605
STARLINK-1316,45415,0,unknown,2026-06-23T17:53:28.033605,-22708.174150948795,16.3041883329637,12.0375920635852,1228.2529060712425,209.74888880416668,2026-06-23 17:53:28.033605
STARLINK-1316,45415,0,unknown,2026-06-23T17:53:29.033605,-24231.128875717262,16.29001324714417,12.393369125545572,1228.860775029006,209.74888880416668,2026-06-23 17:53:29.033605
STARLINK-1316,45415,0,unknown,2026-06-23T17:53:30.033605,-25751.73152764078,16.27494520472015,12.748734037071475,1229.5080582533317,209.74888880416668,2026-06-23 17:53:30.033605
STARLINK-1316,45415,0,unknown,2026-06-23T17:53:31.033605,-27269.839313596534,16.258988127498245,13.10366180814825,1230.1946929740232,209.74888880416668,2026-06-23 17:53:31.033605
STARLINK-1316,45415,0,unknown,2026-06-23T17:53:32.033605,-28785.31062466702,16.242146157614638,13.458127640327932,1230.920612737884,209.74888880416668,2026-06-23 17:53:32.033605
STARLINK-1316,45415,0,unknown,2026-06-23T17:53:33.033605,-30298.005098074213,16.224423654231376,13.812106936711771,1231.6857474397823,209.74888880416668,2026-06-23 17:53:33.033605
STARLINK-1316,45415,0,unknown,2026-06-23T17:53:34.033605,-31807.78367893829,16.205825190056405,14.165575311957149,1232.4900233562191,209.74888880416668,2026-06-23 17:53:34.033605
STARLINK-1316,45415,0,unknown,2026-06-23T17:53:35.033605,-33314.50867971378,16.18635554772735,14.518508601876364,1233.33336317976,209.74888880416668,2026-06-23 17:53:35.033605
STARLINK-1316,45415,0,unknown,2026-06-23T17:53:36.033605,-34818.04383825287,16.166019716045984,14.870882872803952,1234.2156860552295,209.74888880416668,2026-06-23 17:53:36.033605
STARLINK-1316,45415,0,unknown,2026-06-23T17:53:37.033605,-36318.254374427655,16.144822886075858,15.222674430759604,1235.136907617211,209.74888880416668,2026-06-23 17:53:37.033605
STARLINK-1316,45415,0,unknown,2026-06-23T17:53:38.033605,-37815.0070450603,16.122770447102642,15.573859830308209,1236.0969400291722,209.74888880416668,2026-06-23 17:53:38.033605
STARLINK-1316,45415,0,unknown,2026-06-23T17:53:39.033605,-39308.17019872954,16.09986798245135,15.92441588354469,1237.0956920246724,209.74888880416668,2026-06-23 17:53:39.033605
STARLINK-1316,45415,0,unknown,2026-06-23T17:53:40.033605,-40797.61382560615,16.076121265224273,16.274319668006687,1238.1330689481354,209.74888880416668,2026-06-23 17:53:40.033605
STARLINK-1316,45415,0,unknown,2026-06-23T17:53:41.033605,-42283.20960838433,16.051536253888752,16.623548534999887,1239.2089727983932,209.74888880416668,2026-06-23 17:53:41.033605
STARLINK-1316,45415,0,unknown,2026-06-23T17:53:42.033605,-43764.83097160165,16.02611908774779,16.97208011765629,1240.3233022739917,209.74888880416668,2026-06-23 17:53:42.033605
STARLINK-34946,65367,0,unknown,2026-06-23T17:53:48.045690,202190.9070107552,21.52917477192968,276.26552104954766,1069.989553889297,198.61758103277776,2026-06-23 17:53:48.045690
STARLINK-34946,65367,0,unknown,2026-06-23T17:53:49.045690,201394.29278447857,21.691201080932963,276.50703886941875,1064.763101432277,198.61758103277776,2026-06-23 17:53:49.045690
STARLINK-34946,65367,0,unknown,2026-06-23T17:53:50.045690,200585.66694399333,21.85410921656972,276.7514500108942,1059.5574363944895,198.61758103277776,2026-06-23 17:53:50.045690
STARLINK-34946,65367,0,unknown,2026-06-23T17:53:51.045690,199764.84207649852,22.01789728216652,276.99879922579146,1054.3728722989658,198.61758103277776,2026-06-23 17:53:51.045690
STARLINK-34946,65367,0,unknown,2026-06-23T17:53:52.045690,198931.62857754828,22.182562919008213,277.24913194752963,1049.2097275502576,198.61758103277776,2026-06-23 17:53:52.045690
STARLINK-34946,65367,0,unknown,2026-06-23T17:53:53.045690,198085.83468180217,22.348103285162725,277.5024942942209,1044.0683254939518,198.61758103277776,2026-06-23 17:53:53.045690
STARLINK-34946,65367,0,unknown,2026-06-23T17:53:54.045690,197227.26649629485,22.514515033919047,277.75893307164813,1038.9489944658758,198.61758103277776,2026-06-23 17:53:54.045690
STARLINK-34946,65367,0,unknown,2026-06-23T17:53:55.045690,196355.7280401968,22.681794291071164,278.0184957749721,1033.852067854517,198.61758103277776,2026-06-23 17:53:55.045690
STARLINK-34946,65367,0,unknown,2026-06-23T17:53:56.045690,195471.02128670775,22.84993663195924,278.2812305904605,1028.777884147924,198.61758103277776,2026-06-23 17:53:56.045690
STARLINK-34946,65367,0,unknown,2026-06-23T17:53:57.045690,194572.9462119364,23.018937057356784,278.5471863958032,1023.7267869927272,198.61758103277776,2026-06-23 17:53:57.045690
STARLINK-34946,65367,0,unknown,2026-06-23T17:53:58.045690,193661.30084616007,23.18878996913527,278.81641276038505,1018.6991252365672,198.61758103277776,2026-06-23 17:53:58.045690
STARLINK-34946,65367,0,unknown,2026-06-23T17:53:59.045690,192735.8813331017,23.359489144607032,279.0889599439266,1013.6952529867684,198.61758103277776,2026-06-23 17:53:59.045690
STARLINK-34946,65367,0,unknown,2026-06-23T17:54:00.045690,191796.4819922785,23.53102771063661,279.36487889483755,1008.7155296521004,198.61758103277776,2026-06-23 17:54:00.045690
STARLINK-34946,65367,0,unknown,2026-06-23T17:54:01.045690,190842.89538873816,23.703398116637388,279.64422124714383,1003.7603199938512,198.61758103277776,2026-06-23 17:54:01.045690
STARLINK-34946,65367,0,unknown,2026-06-23T17:54:02.045690,189874.91240693067,23.876592107189424,279.92703931684804,998.8299941641958,198.61758103277776,2026-06-23 17:54:02.045690
STARLINK-34946,65367,0,unknown,2026-06-23T17:54:03.045690,188892.32233278177,24.050600693504386,280.2133860966193,993.9249277542824,198.61758103277776,2026-06-23 17:54:03.045690
STARLINK-34946,65367,0,unknown,2026-06-23T17:54:04.045690,187894.91294082493,24.22541412443228,280.5033152496522,989.0455018315982,198.61758103277776,2026-06-23 17:54:04.045690
STARLINK-34946,65367,0,unknown,2026-06-23T17:54:05.045690,186882.47058922987,24.401021856482192,280.79688110194024,984.1921029818446,198.61758103277776,2026-06-23 17:54:05.045690
STARLINK-34946,65367,0,unknown,2026-06-23T17:54:06.045690,185854.78031992968,24.57741252347594,281.0941386336886,979.3651233377464,198.61758103277776,2026-06-23 17:54:06.045690
STARLINK-34946,65367,0,unknown,2026-06-23T17:54:07.045690,184811.62596827463,24.754573905031958,281.395143468663,974.56496061726,198.61758103277776,2026-06-23 17:54:07.045690
STARLINK-34946,65367,0,unknown,2026-06-23T17:54:08.045690,183752.79027832492,24.93249289470057,281.6999518624978,969.7920181485276,198.61758103277776,2026-06-23 17:54:08.045690
STARLINK-34946,65367,0,unknown,2026-06-23T17:54:09.045690,182678.05502839028,25.11115546694661,282.00862068869753,965.0467049036348,198.61758103277776,2026-06-23 17:54:09.045690
STARLINK-34946,65367,0,unknown,2026-06-23T17:54:10.045690,181587.201161822,25.290546643952343,282.3212074236844,960.3294355151002,198.61758103277776,2026-06-23 17:54:10.045690
STARLINK-34946,65367,0,unknown,2026-06-23T17:54:11.045690,180480.00892820716,25.470650461395064,282.6377701294257,955.6406302982472,198.61758103277776,2026-06-23 17:54:11.045690
STARLINK-34946,65367,0,unknown,2026-06-23T17:54:12.045690,179356.25803302616,25.65144993361349,282.9583674341634,950.980715268583,198.61758103277776,2026-06-23 17:54:12.045690
STARLINK-34946,65367,0,unknown,2026-06-23T17:54:13.045690,178215.7277954991,25.832927018301973,283.28305851125583,946.3501221512132,198.61758103277776,2026-06-23 17:54:13.045690
STARLINK-34946,65367,0,unknown,2026-06-23T17:54:14.045690,177058.19731692955,26.015062580380203,283.6119030554956,941.7492883918392,198.61758103277776,2026-06-23 17:54:14.045690
STARLINK-34946,65367,0,unknown,2026-06-23T17:54:15.045690,175883.44565718534,26.1978363555596,283.9449612574616,937.1786571567812,198.61758103277776,2026-06-23 17:54:15.045690
STARLINK-34946,65367,0,unknown,2026-06-23T17:54:16.045690,174691.25202216144,26.381226913187596,284.2822937750972,932.6386773334012,198.61758103277776,2026-06-23 17:54:16.045690
STARLINK-34946,65367,0,unknown,2026-06-23T17:54:17.045690,173481.39596103717,26.565211618684724,284.6239617027555,928.1298035237608,198.61758103277776,2026-06-23 17:54:17.045690
STARLINK-34946,65367,0,unknown,2026-06-23T17:54:18.045690,172253.65757415345,26.7497665955008,284.9700265374541,923.6524960344476,198.61758103277776,2026-06-23 17:54:18.045690
STARLINK-34946,65367,0,unknown,2026-06-23T17:54:19.045690,171007.8177299197,26.93486668695382,285.3205501426793,919.2072208547776,198.61758103277776,2026-06-23 17:54:19.045690
STARLINK-34946,65367,0,unknown,2026-06-23T17:54:20.045690,169743.6582954784,27.120485417321685,285.6755947083478,914.7944496398554,198.61758103277776,2026-06-23 17:54:20.045690
STARLINK-34946,65367,0,unknown,2026-06-23T17:54:21.045690,168460.9623757411,27.306594953098887,286.0352227083614,910.4146596779356,198.61758103277776,2026-06-23 17:54:21.045690
STARLINK-34946,65367,0,unknown,2026-06-23T17:54:22.045690,167159.5145655611,27.49316606384938,286.399496854279,906.0683338570312,198.61758103277776,2026-06-23 17:54:22.045690
STARLINK-34946,65367,0,unknown,2026-06-23T17:54:23.045690,165839.1012114073,27.68016808320544,286.7684800461216,901.755960619778,198.61758103277776,2026-06-23 17:54:23.045690
STARLINK-34946,65367,0,unknown,2026-06-23T17:54:24.045690,164499.51068750743,27.867568869534097,287.14223531868544,897.4780339191026,198.61758103277776,2026-06-23 17:54:24.045690
STARLINK-34946,65367,0,unknown,2026-06-23T17:54:25.045690,163140.53368137658,28.055334767028597,287.52082578476325,893.2350531593868,198.61758103277776,2026-06-23 17:54:25.045690
STARLINK-34946,65367,0,unknown,2026-06-23T17:54:26.045690,161761.96349149803,28.24343056699381,287.90431457432067,889.02752313049,198.61758103277776,2026-06-23 17:54:26.045690
STARLINK-34946,65367,0,unknown,2026-06-23T17:54:27.045690,160363.5963398128,28.431819469048293,288.2927647688068,884.8559539431369,198.61758103277776,2026-06-23 17:54:27.045690
STARLINK-34946,65367,0,unknown,2026-06-23T17:54:28.045690,158945.23169167226,28.620463043460013,288.6862393324215,880.7208609406964,198.61758103277776,2026-06-23 17:54:28.045690
STARLINK-34946,65367,0,unknown,2026-06-23T17:54:29.045690,157506.67259228192,28.809321193428268,289.0848010377628,876.6227646166582,198.61758103277776,2026-06-23 17:54:29.045690
STARLINK-34946,65367,0,unknown,2026-06-23T17:54:30.045690,156047.7260128,28.998352118446903,289.488512387539,872.5621905151858,198.61758103277776,2026-06-23 17:54:30.045690
STARLINK-34946,65367,0,unknown,2026-06-23T17:54:31.045690,154568.20320949858,29.18751227842046,289.89743553123924,868.5396691252098,198.61758103277776,2026-06-23 17:54:31.045690
STARLINK-34946,65367,0,unknown,2026-06-23T17:54:32.045690,153067.92009420518,29.37675635886587,290.3116321771313,864.5557357637334,198.61758103277776,2026-06-23 17:54:32.045690
STARLINK-34946,65367,0,unknown,2026-06-23T17:54:33.045690,151546.69761832728,29.56603723717583,290.73116349865865,860.6109304523884,198.61758103277776,2026-06-23 17:54:33.045690
STARLINK-34946,65367,0,unknown,2026-06-23T17:54:34.045690,150004.3621664945,29.755305950447443,291.1560900362937,856.7057977798761,198.61758103277776,2026-06-23 17:54:34.045690
STARLINK-34946,65367,0,unknown,2026-06-23T17:54:35.045690,148440.7459641505,29.94451166465403,291.5864715932988,852.8408867586681,198.61758103277776,2026-06-23 17:54:35.045690
STARLINK-34946,65367,0,unknown,2026-06-23T17:54:36.045690,146855.68749336523,30.13360164590765,292.02236712690024,849.0167506643376,198.61758103277776,2026-06-23 17:54:36.045690
STARLINK-34946,65367,0,unknown,2026-06-23T17:54:37.045690,145249.0319221619,30.322521233411795,292.4638346331245,845.2339468698299,198.61758103277776,2026-06-23 17:54:37.045690
STARLINK-34946,65367,0,unknown,2026-06-23T17:54:38.045690,143620.6315445958,30.51121381455908,292.91093102591816,841.4930366693122,198.61758103277776,2026-06-23 17:54:38.045690
STARLINK-34946,65367,0,unknown,2026-06-23T17:54:39.045690,141970.34622832888,30.699620802802304,293.36371201115566,837.7945850834482,198.61758103277776,2026-06-23 17:54:39.045690
STARLINK-34946,65367,0,unknown,2026-06-23T17:54:40.045690,140298.0438742829,30.88768161784282,293.8222319541504,834.1391606598108,198.61758103277776,2026-06-23 17:54:40.045690
STARLINK-34946,65367,0,unknown,2026-06-23T17:54:41.045690,138603.60088459798,31.075333668868826,294.2865437413955,830.5273352583321,198.61758103277776,2026-06-23 17:54:41.045690
STARLINK-34946,65367,0,unknown,2026-06-23T17:54:42.045690,136886.90263859025,31.26251234093076,294.7566986365157,826.959683824999,198.61758103277776,2026-06-23 17:54:42.045690
STARLINK-34946,65367,0,unknown,2026-06-23T17:54:43.045690,135147.84397690493,31.44915098472218,295.23274613007385,823.4367841534761,198.61758103277776,2026-06-23 17:54:43.045690
STARLINK-34946,65367,0,unknown,2026-06-23T17:54:44.045690,133386.32969098186,31.635180910225102,295.71473378384803,819.9592166308481,198.61758103277776,2026-06-23 17:54:44.045690
STARLINK-34946,65367,0,unknown,2026-06-23T17:54:45.045690,131602.27502260363,31.82053138382434,296.202707068148,816.5275639801076,198.61758103277776,2026-06-23 17:54:45.045690
STARLINK-34946,65367,0,unknown,2026-06-23T17:54:46.045690,129795.60616184,32.0051296304769,296.6967091950309,813.1424109745686,198.61758103277776,2026-06-23 17:54:46.045690
STARLINK-34946,65367,0,unknown,2026-06-23T17:54:47.045690,127966.26075618886,32.18890083954937,297.1967809439387,809.8043441555897,198.61758103277776,2026-06-23 17:54:47.045690
STARLINK-34946,65367,0,unknown,2026-06-23T17:54:48.045690,126114.18841559018,32.3717681763113,297.7029604835916,806.5139515218933,198.61758103277776,2026-06-23 17:54:48.045690
STARLINK-34946,65367,0,unknown,2026-06-23T17:54:49.045690,124239.3512253443,32.55365279780038,298.21528318690605,803.2718222194959,198.61758103277776,2026-06-23 17:54:49.045690
STARLINK-34946,65367,0,unknown,2026-06-23T17:54:50.045690,122341.7242551952,32.73447387462085,298.73378144184494,800.0785462088763,198.61758103277776,2026-06-23 17:54:50.045690
STARLINK-34946,65367,0,unknown,2026-06-23T17:54:51.045690,120421.2960688029,32.914148618239665,299.2584844570895,796.9347139228602,198.61758103277776,2026-06-23 17:54:51.045690
STARLINK-34946,65367,0,unknown,2026-06-23T17:54:52.045690,118478.06922995076,33.09259231438305,299.7894180633787,793.8409159093321,198.61758103277776,2026-06-23 17:54:52.045690
STARLINK-34946,65367,0,unknown,2026-06-23T17:54:53.045690,116512.06080591172,33.269718362572,300.3266045104176,790.7977424634882,198.61758103277776,2026-06-23 17:54:53.045690
STARLINK-34946,65367,0,unknown,2026-06-23T17:54:54.045690,114523.30286400436,33.44543832232473,300.870062260401,787.8057832448841,198.61758103277776,2026-06-23 17:54:54.045690
STARLINK-34946,65367,0,unknown,2026-06-23T17:54:55.045690,112511.84296190715,33.619661966065664,301.419805778053,784.8656268838143,198.61758103277776,2026-06-23 17:54:55.045690
STARLINK-34946,65367,0,unknown,2026-06-23T17:54:56.045690,110477.74462703922,33.79229733927419,301.9758453185119,781.9778605720792,198.61758103277776,2026-06-23 17:54:56.045690
STARLINK-34946,65367,0,unknown,2026-06-23T17:54:57.045690,108421.08782791326,33.96325082768091,302.5381867124024,779.1430696459083,198.61758103277776,2026-06-23 17:54:57.045690
STARLINK-34946,65367,0,unknown,2026-06-23T17:54:58.045690,106341.96942787764,34.13242723238315,303.10683115087164,776.3618371503075,198.61758103277776,2026-06-23 17:54:58.045690
STARLINK-34946,65367,0,unknown,2026-06-23T17:54:59.045690,104240.5036299796,34.29972985219844,303.68177496840025,773.6347433998895,198.61758103277776,2026-06-23 17:54:59.045690
